PDB_code,resolution,release_year,Kd,ligand_name
2jg8,2.05,2008,0.5uM,(SEP)
2jgs,1.9,2008,0.24uM,(BTN)
2oz2,1.95,2008,1.93uM,(D1R)
2p3i,1.75,2008,0.33mM,(MNA)
2p7a,2.3,2008,0.788uM,(43M)
2p7g,2.1,2008,0.297uM,(2OH)
2pqb,1.8,2008,63nM,(GG9)
2pqc,1.6,2008,1.8uM,(RC1)
2pvu,1.79,2008,0.49uM,(LYS)
2pym,1.9,2008,150nM,(1UN)
2pyn,1.85,2008,27nM,(1UN)
2pyy,2.1,2008,25uM,(GLU)
2q2a,1.79,2008,0.039uM,(ARG)
2q2c,2.35,2008,0.42uM,(HIS)
2q2n,1.8,2008,0.33uM,(H01)
2q63,2.2,2008,66nM,(1UN)
2q7y,1.95,2008,50uM,(IGC)
2q88,1.9,2008,1.6uM,(4CS)
2q89,2.3,2008,0.5uM,(6CS)
2qbu,2.1,2008,0.645uM,(SAH)
2qfo,1.68,2008,20uM,(A13)
2qhm,2,2008,660nM,(7CS)
2qpu,1.7,2008,0.25mM,(QPU)
2qry,2.25,2008,2.3nM,(TPS)
2qtn,2.4,2008,382uM,(NCN)
2qtr,1.7,2008,3.2uM,(NXX)
2qv7,2.3,2008,219uM,(ADP)
2r0h,1.9,2008,310uM,(CTO)
2r1w,1.7,2008,25uM,(KDB)
2r75,1.4,2008,714nM,(01G)
2rcb,1.62,2008,163nM,(DSN)
2rcn,2.25,2008,1.0uM,(GDP)
2reg,1.9,2008,2.3uM,(CHT)
2rfy,1.7,2008,6uM,(CBI)
2rin,1.8,2008,100uM,(ACH)
2rio,2.4,2008,20.4uM,(ADP)
2rkn,1.6,2008,0.06uM,(LP3)
2uyw,1.7,2008,0.1pM,(BTN)
2uzj,1.55,2009,27uM,(E64)
2v57,1.9,2009,79nM,(PRL)
2v58,2.1,2009,0.82nM,(LZJ)
2v59,2.4,2009,18nM,(LZK)
2vc9,2.36,2008,3.6nM,(NOK)
2vcb,2.2,2008,5.5uM,(OAN)
2vfk,1.5,2008,194uM,(AMP)
2vk2,1.2,2009,0.13uM,(GZL)
2vmc,1.9,2008,1.15mM,(NGA)
2vmd,1.9,2008,0.95mM,(MBG)
2vmf,2.1,2008,1400nM,(MVL)
2vo4,1.75,2008,11.6uM,(4NM)
2vpn,1.55,2008,0.19uM,(4CS)
2vpo,1.8,2008,3.8uM,(6CS)
2vrj,1.9,2008,0.5uM,(NCW)
2vt3,2,2008,0.07mM,(ATP)
2vuk,1.5,2008,125uM,(P83)
2vvn,1.85,2008,50nM,(NHT)
2vw5,1.9,2008,3nM,(BC6)
2vwc,2.4,2008,0.24uM,(BC2)
2vx9,1.65,2009,36nM,(RBF)
2vxn,0.82,2009,10uM,(PGH)
2vyt,1.9,2008,1.84mM,(MLZ)
2vzr,1.95,2009,52.6uM,(GCU)
2w08,1.7,2009,380uM,(TPO)
2w47,1.4,2009,10.5uM,(UNF)
2w4x,2.42,2009,14uM,(STZ)
2w87,1.6,2009,22.2uM,(GCU)
2w8j,1.5,2009,1.1mM,(PLS)
2w8w,2.14,2009,7.5mM,(PLS)
2w92,1.65,2009,28uM,(NGT)
2w97,2.29,2010,110mM,(GOL)
2w9h,1.48,2009,430nM,(TOP)
2wc4,1.7,2009,5.1uM,(AMF)
2we3,2,2009,37uM,(DUT)
2weg,1.1,2009,314nM,(FBV)
2weh,2.1,2009,1125nM,(FB1)
2wej,1.45,2009,839nM,(FB2)
2weo,1.4,2009,118nM,(FBW)
2weq,2.2,2009,1.27uM,(GDM)
2wer,1.6,2009,90nM,(RDC)
2wf5,1.3,2009,1uM,(BG6)
2whp,2.2,2009,100uM,(HI6)
2wic,2.05,2010,4.1uM,(GNP)
2wig,2.15,2009,370uM,(TC3)
2wij,2.1,2009,630uM,(TN7)
2wik,2.1,2009,660uM,(TC5)
2wjg,2.2,2009,0.08uM,(GDP)
2wji,1.9,2009,9.6uM,(GNP)
2wkt,2,2009,49uM,(COA)
2wl4,1.8,2009,64uM,(COA)
2wl5,1.8,2009,30uM,(COA)
2wn9,1.75,2009,3.0nM,(ZY5)
2wnc,2.2,2009,479nM,(TKT)
2wnj,1.8,2009,330nM,(ZY7)
2wor,1.7,2009,125uM,(2AN)
2wos,1.7,2009,125uM,(6AN)
2wq4,1.42,2010,2700uM,(SFU)
2wq5,1.65,2010,180uM,(MIY)
2wuf,1.9,2009,51uM,(KEM)
2wva,2.2,2010,20pM,(TPU)
2wvt,1.8,2010,755nM,(FHN)
2x00,2.4,2010,4.7pM,(GYN)
2x4z,2.1,2010,2.7nM,(X4Z)
2xab,1.9,2010,0.54nM,(VHD)
2xbp,1.2,2010,9.6uM,(ATP)
2xbv,1.66,2010,3.7nM,(XBV)
2xcg,1.9,2010,9nM,(XCG)
2xde,1.4,2010,3.42uM,(1B0)
2xdk,1.97,2010,250uM,(XDK)
2xdl,1.98,2010,790uM,(2DL)
2xdx,2.42,2010,0.35uM,(WOE)
2xgs,2.39,2010,0.530mM,(44P)
2xhr,2.2,2010,4.8nM,(C0P)
2xht,2.27,2010,1.1uM,(C0Y)
2xi7,2.2,2010,7.20uM,(XI7)
2xib,2.2,2010,55.1nM,(DFU)
2xii,1.8,2010,63.3nM,(TA9)
2xj1,2.13,2011,28nM,(XJ1)
2xjg,2.25,2010,15nM,(XJG)
2xjj,1.9,2010,0.31uM,(L81)
2xjx,1.66,2010,0.71nM,(XJX)
2xm1,2,2011,8.5uM,(LTM)
2xn3,2.09,2011,1198nM,(ID8)
2xn5,1.7,2011,205nM,(FUN)
2xp7,2,2011,1.7uM,(4F8)
2xtn,1.9,2010,40nM,(GTP)
2xuz,1.9,2011,0.04uM,(EB4)
2xv1,2.15,2011,1.03uM,(ECA)
2xxt,1.9,2011,9.0nM,(KAI)
2xzc,1.36,2011,2.3uM,(XOP)
2xzw,1.95,2010,5.1uM,(AKG)
2y34,2.01,2010,80nM,(UN9)
2y4k,2.45,2011,3.5uM,(GDP)
2y4s,2.1,2011,0.7uM,(BCD)
2y7i,1.9,2011,2.9uM,(ARG)
2y7k,1.95,2011,11.80uM,(SAL)
2y7p,1.85,2011,3.4uM,(SAL)
2y9g,1.67,2011,170uM,(LAT)
2yay,1.86,2011,0.8uM,(DUP)
2yaz,2.4,2011,7.3uM,(UMP)
2yb0,2.28,2011,140uM,(DUR)
2ydw,1.9,2011,46.0nM,(WSH)
2yek,1.98,2011,61.3nM,(EAM)
2yel,1.65,2011,52.5nM,(WSH)
2yfa,1.8,2012,8.5uM,(LMR)
2yga,2.37,2011,24.5uM,(GDM)
2yge,1.96,2011,8.62uM,(GDM)
2ygf,2,2011,8.06uM,(GDM)
2yhw,1.64,2012,2.5uM,(BM3)
2yhy,1.82,2012,2.5uM,(BM3)
2yi0,1.6,2012,7.5nM,(YI0)
2yi7,1.4,2012,4.8nM,(BZ8)
2yim,1.41,2012,120uM,(MC4)
2yix,2.3,2011,3.3nM,(YIX)
2yk1,1.85,2011,7.4nM,(NCT)
2yki,1.67,2011,0.35nM,(YKI)
2yln,1.12,2011,0.021uM,(CYS)
2ymd,1.96,2012,693uM,(SRO)
2yme,2.4,2012,22nM,(CWB)
2ypo,2,2013,21uM,(PHE)
2ypp,2.3,2013,39uM,(TYR)
2z8e,1.99,2008,0.01uM,(MES)
2z92,2.3,2008,0.8nM,(ENE)
2z97,1.8,2008,1.0uM,(7HE)
2zdk,1.67,2008,428nM,(50U)
2zdl,1.8,2008,402nM,(45U)
2zdm,1.93,2008,386nM,(46U)
2zdn,1.98,2008,562nM,(49U)
2zfs,1.51,2009,287nM,(12U)
2zft,1.76,2009,300nM,(10U)
2zhd,1.94,2009,287nM,(12U)
2zif,2.4,2008,43uM,(SAM)
2zkj,2,2008,3.3uM,(ADP)
2zq1,1.68,2009,239nM,(11U)
2zq2,1.4,2009,276nM,(13U)
2zsc,1.3,2009,87nM,(BTN)
2zwz,2.36,2009,16.3nM,(ZWZ)
2zym,1.8,2009,0.73uM,(ACX)
2zyn,1.7,2009,1.2uM,(BCD)
3a1c,1.85,2009,0.1mM,(ACP)
3a1d,1.85,2009,75uM,(ADP)
3a1e,1.95,2009,2.2mM,(ACP)
3a1s,1.5,2009,14.8uM,(GDP)
3a1t,1.8,2009,14.8uM,(GDP)
3a5y,1.9,2010,11nM,(KAA)
3a6t,1.96,2009,52nM,(8OG)
3a73,2.19,2010,420uM,(PJ2)
3acl,2.35,2010,0.6uM,(3F1)
3ad7,2.2,2010,3.01mM,(MTG)
3ad8,2.2,2010,0.69mM,(PYC)
3ads,2.25,2010,9.73uM,(IMN)
3adv,2.27,2010,933uM,(SRO)
3aje,1.8,2011,9.3uM,(THR)
3ao1,1.9,2011,5.5mM,(BZX)
3ao2,1.8,2011,0.17mM,(AVX)
3ao5,1.8,2011,5.9mM,(BBY)
3ap4,2.33,2011,0.12mM,(LBT)
3aqa,2.3,2011,28uM,(BYH)
3arp,1.55,2011,0.07uM,(DEQ)
3arq,1.5,2011,0.4uM,(DM5)
3arr,1.65,2011,4.0uM,(PNX)
3art,2.23,2011,37uM,(DEQ)
3aru,1.9,2011,600uM,(PNX)
3arv,1.5,2011,2.3uM,(SAU)
3arw,1.5,2011,0.7uM,(CTI)
3arx,1.16,2011,4.7uM,(POY)
3ary,1.35,2011,1.0uM,(I5I)
3arz,1.82,2011,1.0uM,(I5I)
3as0,2,2011,28uM,(SAU)
3atu,1.65,2011,5.00nM,(ADP)
3atv,1.58,2011,4610nM,(ADP)
3axz,2.25,2011,372uM,(ADN)
3ay9,1.75,2011,4.55nM,(ADP)
3b24,1.7,2011,0.042mM,(B2J)
3b25,1.75,2011,0.86uM,(B2K)
3b26,2.1,2011,0.23uM,(B2L)
3b27,1.5,2011,6.9uM,(B2T)
3b28,1.35,2011,0.0034uM,(B2X)
3b2q,2.1,2008,28uM,(ATP)
3b2t,1.8,2008,6.21uM,(M33)
3b4p,1.7,2008,4.0uM,(3B4)
3b5j,2,2008,2.1uM,(12D)
3b82,2.35,2008,37uM,(NAD)
3bbf,1.7,2008,5.2uM,(GDP)
3bex,1.51,2008,2.7uM,(PAU)
3bf1,2.3,2008,3mM,(ADP)
3bho,1.8,2008,2.44uM,(B4P)
3bjm,2.35,2008,5nM,(BJM)
3bra,2.3,2008,2000uM,(AEF)
3brn,2,2008,2nM,(SRO)
3bu1,1.4,2008,7.1nM,(HSM)
3buf,2.3,2008,800uM,(AEG)
3buh,2.3,2008,220uM,(AED)
3bva,1.05,2008,0.30uM,(2NC)
3bwj,2.3,2009,0.319uM,(ARX)
3bwk,2.42,2009,0.114mM,(C1P)
3bxe,1.8,2008,3.34uM,(13P)
3bxf,1.7,2008,2.87uM,(FBP)
3bxg,1.8,2008,10.98uM,(BG6)
3bxh,1.85,2008,94.34uM,(F6P)
3c2f,2.35,2008,10.1mM,(PRP)
3c2o,2.3,2008,0.45mM,(NTM)
3c2r,2.4,2008,0.78mM,(PHT)
3c39,1.85,2008,109uM,(3PG)
3c4h,2.1,2008,2uM,(DRL)
3c79,2.48,2008,63nM,(IM4)
3c84,1.94,2008,14nM,(TH4)
3c8e,1.5,2009,0.07mM,(GSH)
3c9e,1.8,2008,10nM,(E64)
3cct,2.12,2008,27.4nM,(3HI)
3ccw,2.1,2008,13.5nM,(4HI)
3ccz,1.7,2008,51.7nM,(5HI)
3cd0,2.4,2008,26.9nM,(6HI)
3cd5,2.39,2008,12.7nM,(7HI)
3cda,2.07,2008,26.3nM,(8HI)
3cdb,2.3,2008,95.7nM,(9HI)
3cfn,1.87,2009,10uM,(2AN)
3cft,1.87,2009,64uM,(5NS)
3cj2,1.75,2008,14uM,(SX3)
3cj4,2.07,2008,0.31uM,(SX5)
3cj5,1.92,2008,0.46uM,(SX6)
3ck7,2.1,2008,89uM,(ACX)
3ck8,2.1,2008,146uM,(BCD)
3ckb,2.3,2008,1.04mM,(MLR)
3clp,2,2008,205.1uM,(CMP)
3cow,1.8,2008,0.125uM,(52H)
3coy,2.03,2008,0.96uM,(53H)
3coz,2,2008,2.7uM,(54H)
3cpj,2.35,2008,18.9uM,(GDP)
3cr4,2.15,2008,53uM,(PNT)
3cr5,1.85,2008,64uM,(PNT)
3ctr,2.1,2008,6.94uM,(MGP)
3cwk,1.6,2008,250nM,(REA)
3cyu,1.7,2008,60nM,(0CR)
3cyz,1.8,2009,60.0nM,(9OD)
3cz1,1.5,2009,55.0nM,(NBB)
3d0b,1.74,2008,0.29uM,(SNX)
3d2e,2.35,2008,0.38uM,(ATP)
3d2r,2.03,2008,3.3uM,(ADP)
3d2t,1.85,2008,75nM,(1FL)
3d4f,1.55,2009,19nM,(LN1)
3d78,1.6,2009,23nM,(NBB)
3d7k,2.49,2008,25uM,(D7K)
3da9,1.8,2009,3.1uM,(44U)
3dgl,1.8,2009,250nM,(ATP)
3dkj,2,2009,2.0uM,(PRP)
3dla,2.35,2009,0.35mM,(NXX)
3dnt,1.66,2009,18uM,(ATP)
3dp4,2.11,2008,43nM,(AMQ)
3dp9,2.3,2009,208pM,(BIG)
3dst,1.9,2008,0.83nM,(GRG)
3dsu,1.9,2008,94nM,(FPP)
3dsz,2,2009,17.1nM,(LIZ)
3dzt,1.8,2009,60.2nM,(EAH)
3e5u,1.83,2008,1.4uM,(3C4)
3e6k,2.1,2008,7uM,(ABH)
3e6v,1.72,2008,147nM,(ABH)
3ebl,1.9,2008,0.5uM,(GA4)
3ed0,2.3,2009,0.45uM,(EMO)
3eeb,2.1,2008,1.3uM,(IHP)
3efs,2.3,2009,4.6uM,(ATP)
3ekq,2.2,2009,176.0nM,(ROC)
3eks,1.8,2008,2uM,(CY9)
3ekw,1.6,2009,10.9nM,(DR7)
3ekx,1.97,2009,0.39nM,(1UN)
3eky,1.8,2009,0.23nM,(DR7)
3el0,2,2009,34.1nM,(1UN)
3el1,1.7,2009,0.23nM,(DR7)
3el4,2,2009,67.4nM,(ROC)
3el5,1.6,2009,18.9nM,(1UN)
3el9,1.6,2009,4.00nM,(DR7)
3ern,2.1,2009,18.91mM,(CAR)
3evc,1.6,2009,124nM,(GTP)
3evd,1.5,2009,124nM,(GTP)
3ew2,2.3,2008,215nM,(BTN)
3exe,1.98,2008,0.11uM,(TPP)
3exh,2.44,2008,13.1uM,(TPP)
3f15,1.7,2008,7.88nM,(HS1)
3f16,1.16,2008,5.91nM,(HS3)
3f17,1.1,2008,2.36nM,(HS4)
3f18,1.13,2008,39.5nM,(HS5)
3f19,1.13,2008,65.1nM,(HS6)
3f1a,1.25,2008,61.1nM,(HS7)
3f33,1.7,2009,0.46mM,(PFL)
3f34,1.68,2009,0.69mM,(DIE)
3f35,1.92,2009,0.69mM,(DIE)
3f36,1.7,2009,1.3mM,(IP0)
3f37,1.54,2009,2.4mM,(2MY)
3f38,1.75,2009,2.4mM,(2MY)
3f39,1.85,2009,16.5mM,(IPH)
3f3d,2.3,2008,69nM,(MET)
3f3e,1.8,2008,20nM,(LEU)
3f48,1.9,2008,512nM,(ALA)
3f6e,1.34,2008,4.14mM,(8PA)
3f70,2.1,2009,14uM,(MLZ)
3f78,1.6,2009,800uM,(ICF)
3f80,1.6,2008,60uM,(6HN)
3f8c,2.2,2008,21nM,(HT1)
3f8f,2.2,2008,236nM,(DM1)
3fat,1.9,2008,22.8nM,(AMQ)
3feg,1.3,2008,45uM,(HC7)
3fgc,2.3,2009,120uM,(FMN)
3fh7,2.05,2010,25nM,(25P)
3fhb,2.3,2009,2uM,(GAB)
3fj7,1.7,2009,195uM,(PEQ)
3fjg,2.2,2009,187uM,(3PG)
3fql,1.8,2009,71nM,(79Z)
3fsj,1.37,2009,0.113mM,(D7K)
3fsm,1.6,2010,0.1uM,(2NC)
3fw4,2.3,2010,0.4nM,(CAQ)
3fzn,1.62,2009,97uM,(D7K)
3fzy,1.95,2009,0.18uM,(IHP)
3g08,1.6,2009,6.843nM,(FEE)
3g0e,1.6,2009,20nM,(B49)
3g15,1.7,2009,0.10uM,(HC6)
3g3r,2,2009,0.33uM,(ANP)
3g5d,2.2,2009,11nM,(1N1)
3ga5,1.87,2009,3.2uM,(RGG)
3gcp,2.25,2009,15nM,(SB2)
3gcq,2,2009,342nM,(1BU)
3gcs,2.1,2009,56nM,(BAX)
3gcu,2.1,2009,165nM,(R48)
3gcv,2.3,2009,74nM,(SS6)
3gf2,1.8,2009,20mM,(SAL)
3gjd,2,2009,46.8nM,(LEU)
3gk1,2.1,2009,80uM,(32A)
3gk2,1.98,2009,2mM,(27A)
3gk4,1.9,2009,120uM,(53A)
3gkz,1.9,2009,10nM,(B40)
3gm0,2.4,2009,17nM,(B41)
3gnw,2.39,2009,0.79nM,(XNC)
3gp0,1.9,2009,36nM,(NIL)
3gpe,2,2009,1.8uM,(PT5)
3gpo,1.9,2009,5uM,(APR)
3gus,1.53,2009,900nM,(N11)
3guz,1.67,2010,42uM,(PAF)
3gvu,2.05,2009,10nM,(STI)
3gws,2.2,2009,0.081nM,(T3)
3gx0,2.3,2009,330uM,(GDS)
3gy2,1.57,2010,1.80uM,(BRN)
3gy3,1.7,2010,2.36uM,(PNT)
3gy4,1.55,2010,8uM,(PBZ)
3gy7,1.55,2010,30uM,(BEN)
3h1x,1.4,2009,1.3uM,(IMN)
3h78,1.7,2009,57uM,(BE2)
3hau,1.3,2011,0.42uM,(2NC)
3haw,1.3,2011,1.01uM,(2NC)
3hbo,1.71,2010,8.2uM,(2NC)
3hcm,2,2010,0.5mM,(S45)
3hdk,1.8,2010,17.5uM,(2NC)
3heg,2.2,2009,0.18uM,(BAX)
3hjo,1.95,2009,0.3uM,(EAA)
3hkw,1.55,2010,2.3nM,(IX6)
3hky,1.9,2010,80nM,(IX6)
3hlo,1.6,2011,0.61uM,(2NC)
3hmo,2.4,2010,30.5nM,(STU)
3hmp,2.3,2010,3.24uM,(CX4)
3hqr,2,2009,3uM,(OGA)
3hrf,1.9,2009,10.3uM,(P47)
3hu3,2.2,2010,0.13uM,(AGS)
3huc,1.8,2010,1030nM,(G97)
3hv7,2.4,2009,12nM,(1AU)
3hv8,1.45,2009,104.2nM,(C2E)
3hww,1.95,2009,75nM,(AKG)
3hx3,1.69,2009,10nM,(RET)
3hxi,1.8,2009,0.47uM,(GTG)
3hzm,1.8,2010,3uM,(KDO)
3i73,2.4,2010,3.23uM,(ADP)
3i8t,2.1,2011,600uM,(LBT)
3i9g,1.9,2009,1.1nM,(S1P)
3iaw,1.61,2011,1.57uM,(2NC)
3ie3,1.8,2009,0.21uM,(N11)
3ies,2,2010,120pM,(M24)
3if7,1.6,2010,61nM,(SPU)
3ijg,1.7,2010,54.0uM,(AVR)
3ijh,2.1,2009,100uM,(KO2)
3ilq,2.05,2010,6.2uM,(1O2)
3imc,1.6,2009,1100uM,(BZ3)
3ime,2.39,2009,1000uM,(BZ2)
3img,1.8,2009,1.1mM,(BZ3)
3iob,1.8,2009,380uM,(A4D)
3iod,1.75,2009,80uM,(A6D)
3ioe,1.95,2009,540uM,(A7D)
3ip5,1.35,2010,0.6uM,(ALA)
3ip6,1.4,2010,0.25uM,(PRO)
3ip9,1.8,2010,2.4uM,(ABU)
3ipa,1.55,2010,0.6uM,(ALA)
3isj,2.2,2009,210uM,(A8D)
3iub,1.5,2009,29uM,(FG2)
3iuc,2.4,2009,2.17uM,(ADP)
3iue,1.73,2009,1.5uM,(FG3)
3ivc,2.13,2009,75uM,(FG4)
3ivg,1.95,2009,50uM,(FG5)
3ivx,1.73,2009,1.8uM,(FG6)
3iw6,2.1,2009,3.29uM,(PP0)
3iw7,2.4,2009,2.3uM,(IPK)
3iw8,2,2009,13.4uM,(HIZ)
3jrs,2.05,2009,52uM,(A8S)
3juk,2.3,2010,12.9uM,(UPG)
3juo,2.2,2009,8.55uM,(AJD)
3jup,1.9,2009,2.63uM,(AKD)
3jvs,1.9,2009,0.29uM,(AGY)
3jyr,1.75,2010,2.9uM,(ACR)
3jzj,1.4,2010,248uM,(ACR)
3k00,1.55,2010,1.7uM,(MTT)
3k02,1.55,2010,10.0uM,(TXT)
3k1j,2,2010,0.4uM,(ADP)
3k41,1.9,2009,150mM,(M6D)
3k54,1.94,2010,1.0nM,(1N1)
3k5i,2,2009,20uM,(AIR)
3k5k,1.7,2009,23nM,(DXQ)
3k5v,1.74,2010,0.5uM,(STJ)
3k8d,1.9,2009,1.7uM,(KDO)
3ka2,1.4,2011,0.24uM,(2NC)
3kdc,2.2,2010,0.52nM,(JZP)
3kdd,1.8,2010,3.45nM,(JZQ)
3kdm,1.5,2010,0.1uM,(TES)
3kgt,1.95,2010,3.1uM,(GEN)
3kgu,1.85,2010,1.2uM,(GEN)
3kjd,1.95,2009,2.9nM,(78P)
3kmx,1.7,2010,15uM,(G00)
3kmy,1.9,2010,32uM,(D8Y)
3kpu,2.4,2010,690uM,(ES1)
3kpv,2.4,2010,180uM,(ADE)
3kpw,2.4,2010,14uM,(1SQ)
3kqm,2.4,2010,170uM,(ES3)
3kqo,2.4,2010,140uM,(ES4)
3kqp,2.4,2010,380uM,(ES5)
3kqr,1.5,2010,36.8uM,(OPE)
3kqs,2,2010,6.3uM,(AX7)
3kqt,2.4,2010,4.6uM,(ES7)
3kqw,2.49,2010,97uM,(ES9)
3kqy,2.2,2010,15uM,(ES0)
3kr1,2.3,2010,1.8uM,(VGD)
3kr2,2.3,2010,7.2uM,(ET2)
3kr8,2.1,2009,8nM,(XAV)
3kv2,1.55,2009,47.51nM,(NNH)
3kyf,2.1,2010,165.0nM,(5GP)
3kyg,2.1,2010,34.3nM,(5GP)
3kyq,2.44,2010,60uM,(DPV)
3l1n,1.3,2010,2.34uM,(PLM)
3l59,2,2010,200uM,(BDJ)
3l5b,1.8,2010,123uM,(BDO)
3l6h,2.3,2010,4uM,(BET)
3l8s,2.35,2010,99.0nM,(BFF)
3l8x,2.4,2010,10nM,(N4D)
3lbz,2.3,2010,138uM,(Z89)
3lcu,2.1,2010,300uM,(SAH)
3lcv,2,2010,18uM,(SAM)
3ldp,2.2,2011,2.41uM,(3P1)
3le8,1.7,2010,860nM,(2B5)
3lf0,2.4,2010,1.93uM,(ATP)
3lgs,2.2,2010,24.8uM,(SAH)
3ljj,1.55,2010,300nM,(10U)
3ljo,1.5,2010,239nM,(11U)
3lk0,2.04,2010,696.9uM,(Z80)
3lk8,1.8,2010,19.7nM,(Z79)
3lka,1.8,2010,1.5mM,(M4S)
3lle,1.85,2010,10.7uM,(SGE)
3lm1,2.1,2010,20uM,(LEC)
3lp4,1.9,2010,13.1uM,(LYS)
3lp7,2.04,2010,3.6uM,(HAR)
3lpl,2.1,2010,2.39uM,(TDP)
3lq2,1.96,2010,5.97uM,(TDP)
3lq4,1.98,2010,5.97uM,(TDP)
3lxk,2,2010,0.16nM,(MI1)
3lxo,1.55,2010,15uM,(T3P)
3m3r,2.2,2010,0.48uM,(BCD)
3m3x,1.68,2010,0.15uM,(JS7)
3m40,1.6,2010,0.17uM,(J45)
3m5e,1.7,2010,0.043uM,(JDR)
3m67,1.8,2010,0.18uM,(E36)
3m6p,2,2011,4.5nM,(BB2)
3m6q,2.4,2011,48nM,(BB2)
3m6r,2.4,2011,32nM,(BB2)
3m89,2,2010,0.69uM,(GSP)
3m8u,1.85,2010,12.9uM,(GDS)
3m94,2.05,2011,8.4uM,(M7M)
3m96,1.4,2011,60nM,(E38)
3mam,1.8,2011,76uM,(BET)
3mf5,2,2010,4.32uM,(HJZ)
3mhi,1.7,2010,0.2uM,(J90)
3mhl,1.9,2010,0.056uM,(J71)
3mhm,1.5,2010,0.1uM,(J75)
3mho,1.15,2010,0.32uM,(J43)
3miy,1.67,2010,21nM,(B49)
3mmr,2.14,2010,11uM,(ABH)
3mo2,2.49,2010,244nM,(E67)
3mo5,2.14,2010,136nM,(E72)
3ms9,1.8,2010,6uM,(MS9)
3mss,1.95,2010,22uM,(MS7)
3muf,2.3,2011,0.32uM,(S3P)
3mxf,1.6,2010,49nM,(JQ1)
3myg,2.4,2010,0.02nM,(EML)
3myq,1.35,2011,30nM,(E27)
3n1c,2,2010,6uM,(F6P)
3n35,2,2011,431uM,(A2G)
3n6k,2.25,2010,180nM,(BFH)
3n75,2,2011,12.8nM,(G4P)
3n7h,1.6,2011,31.3uM,(DE3)
3n7s,2.1,2010,20nM,(3N6)
3n8k,2.25,2010,90uM,(D1X)
3n9s,1.85,2010,5.5uM,(TD4)
3ncq,1.24,2010,4.4uM,(ATP)
3ncr,1.44,2010,77.5uM,(ADP)
3nee,1.55,2010,4.6uM,(B72)
3neo,2,2010,1.2uM,(G24)
3nes,1.75,2010,2.4uM,(B72)
3nex,1.7,2010,1.0uM,(G24)
3nhi,1.43,2010,3.7nM,(EAH)
3nht,1.45,2010,98nM,(U46)
3njq,2,2011,13uM,(NJQ)
3nkk,1.12,2010,20uM,(JLZ)
3nm6,1.6,2010,45mM,(TRS)
3npc,2.35,2010,4.6nM,(B96)
3nq3,1.9,2010,167uM,(DKA)
3nq9,1.9,2010,92.6uM,(OCA)
3nrz,1.8,2010,4.6uM,(HPA)
3nx7,1.8,2010,7.88nM,(NHK)
3o4k,2.11,2010,24nM,(LTC)
3o56,2.42,2011,794pM,(ZG1)
3o75,2.3,2011,209nM,(F1X)
3o84,2.1,2010,58nM,(HTJ)
3o8p,2.1,2010,350nM,(BMU)
3o9p,2.07,2011,0.3uM,(MHI)
3ocp,2.49,2011,27nM,(CMP)
3oj8,1.9,2011,4.4nM,(OJ8)
3oka,2.2,2010,19uM,(GDD)
3okc,2.4,2010,36.5uM,(GDP)
3okp,2,2010,19uM,(GDD)
3oob,1.89,2011,21.6uM,(KDH)
3otf,2.4,2010,0.83uM,(CMP)
3ouj,2.3,2010,900nM,(AKG)
3ovn,1.95,2011,2.8mM,(MPV)
3ozj,2.1,2011,7.7uM,(BGV)
3p2e,1.68,2010,0.6uM,(SAH)
3p2h,2,2011,3.6uM,(NOO)
3p3r,1.25,2011,56.05nM,(3M1)
3p3s,1.6,2011,26nM,(3M2)
3p3t,1.45,2011,57.91nM,(3M3)
3p5o,1.6,2010,55.2nM,(EAM)
3p7i,1.71,2011,19.9nM,(P7I)
3p8e,2.49,2010,7uM,(LN7)
3p9t,2.02,2011,0.63uM,(TCL)
3pb3,1.9,2010,0.6uM,(SAH)
3pcu,2,2011,5.08uM,(LX8)
3pd2,1.86,2010,3.4uM,(A3S)
3pd3,1.86,2010,36.2uM,(A3T)
3pd4,2.4,2010,33.2uM,(A3G)
3pgu,1.7,2011,0.2uM,(OLA)
3pma,2.2,2011,4uM,(SCR)
3po1,1.65,2011,95uM,(MKY)
3ppp,2.4,2011,6uM,(BET)
3ppq,1.91,2011,28uM,(CHT)
3ppr,2.1,2011,1.5mM,(4CS)
3pty,2,2010,3.65uM,(AFO)
3pxf,1.8,2011,37uM,(2AN)
3pxq,1.9,2011,37uM,(2AN)
3pyy,1.85,2011,137nM,(3YY)
3q6w,1.75,2011,27nM,(Q6W)
3q6z,2.23,2011,192uM,(APR)
3q71,2.2,2011,6.0uM,(AR6)
3q72,1.66,2011,1574nM,(GNP)
3q7q,2.3,2011,2256nM,(GNP)
3q8h,1.75,2011,70uM,(AO9)
3qbc,1.65,2012,10.8uM,(B55)
3qin,1.7,2011,136nM,(P1Y)
3qio,1.4,2011,144nM,(QID)
3qip,2.09,2011,129nM,(P4Y)
3qkd,2.02,2011,4.2nM,(HI0)
3qnd,2.4,2011,14uM,(SIA)
3qps,2.35,2011,2.5uM,(CHD)
3qqa,2.2,2011,1.5uM,(TCH)
3qt7,2.2,2011,49nM,(FM0)
3qx8,2.3,2011,1.37mM,(GTG)
3qx9,2,2011,0.09mM,(ATP)
3qxc,1.34,2011,1.7uM,(ATP)
3qxh,1.36,2011,5.8uM,(ADP)
3qxt,1.7,2011,6uM,(MTX)
3qyy,1.9,2011,8.26uM,(C2E)
3r0y,1.65,2012,14.53uM,(RSZ)
3r1v,2.19,2011,0.12uM,(AZB)
3r24,2,2011,5.59uM,(SAM)
3r5n,2,2012,1.67uM,(MLO)
3r5t,1.45,2012,2.65nM,(VBN)
3r6u,1.61,2011,30.5uM,(CHT)
3r7o,2.3,2012,4.4nM,(M61)
3r8i,2.3,2012,4.5uM,(XCX)
3rdo,1.4,2011,0.14nM,(BTN)
3rdq,1.6,2011,0.49nM,(DTB)
3re4,2,2012,40nM,(TO1)
3ri1,2.1,2011,5uM,(3RH)
3rlb,2,2011,120pM,(VIB)
3rlp,1.7,2011,84nM,(3RP)
3rm4,1.9,2011,1.69uM,(3RM)
3rsr,2.3,2012,44uM,(N5P)
3rsx,2.48,2011,38.8uM,(RSV)
3rt4,1.7,2011,1.6nM,(LP5)
3ru1,2.3,2011,14.2uM,(3RU)
3rux,1.7,2011,0.53nM,(BS5)
3rw9,2,2011,1.1uM,(DSH)
3ry8,1.4,2011,460uM,(FLC)
3ryj,1.39,2011,16nM,(RYJ)
3ryv,1.2,2011,86nM,(RYV)
3ryx,1.6,2011,7.3nM,(RYX)
3ryy,1.16,2011,38nM,(RYY)
3ryz,1.37,2011,2.4nM,(RYZ)
3rz0,1.8,2011,28nM,(RZ0)
3rz1,1.51,2011,1.8nM,(RZ1)
3rz5,1.65,2011,13nM,(RZ5)
3rz7,1.8,2011,1.1nM,(RZ7)
3rz8,1.7,2011,6.7nM,(RZ8)
3rzi,1.95,2012,4.7uM,(TRP)
3s0b,1.22,2011,0.32uM,(FNA)
3s0d,1.24,2011,90nM,(CTV)
3s0e,1.6,2011,0.28uM,(EOL)
3s71,1.25,2011,2.3nM,(EVD)
3s72,1.6,2011,400nM,(EVE)
3s73,1.75,2011,2nM,(EVF)
3s74,1.4,2011,4nM,(03T)
3s75,1.5,2011,150nM,(EVG)
3s76,1.6,2011,9000nM,(EVH)
3s77,1.86,2011,61nM,(EVI)
3s78,1.98,2011,340nM,(EVJ)
3s7b,2.42,2011,0.5uM,(NH5)
3s8x,1.3,2012,0.05uM,(E59)
3s9t,1.3,2012,0.15uM,(E49)
3sap,1.75,2012,26nM,(E2I)
3sax,1.1,2012,0.27uM,(E50)
3sbh,1.65,2012,52nM,(E65)
3sbi,1.4,2012,12nM,(E90)
3sfg,2.21,2012,0.865uM,(2TU)
3sjt,1.6,2011,0.88uM,(5AB)
3sk2,1.01,2011,244uM,(GRI)
3skk,1.7,2011,34uM,(4U7)
3sl1,1.9,2011,260uM,(FB6)
3smq,2,2011,9.5uM,(TDU)
3t0w,1.5,2012,50nM,(DIW)
3t0x,1.96,2012,10nM,(DIW)
3t1l,1.6,2011,0.55mM,(MQT)
3t1m,1.55,2011,0.91mM,(DQT)
3t2c,1.3,2011,25uM,(13P)
3t2w,1.5,2012,35nM,(BTN)
3t4n,2.3,2011,72uM,(ADP)
3ta0,2.3,2011,338uM,(ATP)
3ta1,1.9,2011,568uM,(ADP)
3tao,1.45,2011,7.28uM,(PGH)
3tay,1.85,2012,0.42mM,(MN0)
3tb6,2.21,2012,8.4uM,(ARB)
3tc5,1.4,2011,6.8uM,(3T5)
3tct,1.3,2012,3nM,(3MI)
3tcy,1.55,2012,24uM,(PHE)
3td4,1.79,2011,2.2uM,(API)
3tdh,2.3,2011,55uM,(AMP)
3tdj,1.95,2011,5.6uM,(3TJ)
3tf6,2.35,2011,0.40uM,(DBH)
3tif,1.8,2012,4.2uM,(ADP)
3tk2,1.35,2012,24uM,(PHE)
3tsk,2,2012,67nM,(QEG)
3ttm,2,2012,3.0nM,(PUT)
3ttn,2,2012,14.3nM,(SPD)
3tz4,2.25,2012,3.2uM,(03H)
3u10,2.3,2011,3.6uM,(CMP)
3u15,1.8,2012,0.078uM,(03M)
3u5j,1.6,2011,2.46uM,(08H)
3u5l,1.39,2011,0.64uM,(08K)
3u6w,2.21,2012,120nM,(KIV)
3u90,1.9,2012,24uM,(SDS)
3ubd,1.53,2012,2.9uM,(SL0)
3udd,1.95,2012,79nM,(34M)
3udv,1.88,2012,2.55uM,(J1C)
3ueu,2.1,2011,5.81uM,(DAO)
3uev,1.9,2011,1.29uM,(MYR)
3uew,2,2011,0.49uM,(PLM)
3uex,2.1,2011,0.12uM,(STE)
3uil,2.2,2012,1.0uM,(DAO)
3uj9,1.24,2011,23.4uM,(PC)
3ujb,1.52,2011,7.9uM,(SAH)
3ujc,1.19,2011,26uM,(PC)
3ujd,1.5,2011,20.2uM,(PC)
3umq,2.2,2012,24.1uM,(BUA)
3uo4,2.45,2012,299nM,(0C0)
3up2,2.3,2012,40nM,(0C8)
3upk,2,2012,50uM,(UD1)
3usx,2.28,2012,9.53uM,(MYR)
3uug,1.75,2012,0.031mM,(BDP)
3uvq,2.2,2012,17nM,(FS8)
3v2n,1.8,2013,0.8uM,(MYR)
3v2p,1.87,2013,0.44uM,(STE)
3v2q,2.2,2013,0.51uM,(PLM)
3v3l,1.65,2012,0.37uM,(V3L)
3v3q,2.22,2012,0.25uM,(TMY)
3v78,2.3,2012,2.9uM,(ET)
3vha,1.39,2012,40nM,(VHA)
3vhc,1.41,2012,1.3nM,(VHC)
3vhd,1.52,2012,0.52nM,(VHE)
3vjc,1.89,2012,18.9nM,(ZGA)
3vje,2.12,2012,9.7nM,(ZGA)
3vvy,1.63,2013,14.6uM,(ET)
3vw1,2.21,2013,21.2uM,(CVI)
3vw2,2.34,2013,17.9uM,(BER)
3vws,2.1,2013,225uM,(VWS)
3vx3,2.1,2013,15nM,(ADP)
3w07,1.03,2013,0.42mM,(U5P)
3w5n,1.8,2013,135uM,(RAM)
3w9k,1.8,2013,0.48uM,(MYR)
3w9r,1.9,2014,0.66uM,(A8S)
3wb4,2.25,2013,36.6uM,(0B3)
3wgg,2.1,2014,39.9uM,(8NA)
3wha,1.3,2014,0.48nM,(WHA)
3wqm,2.1,2014,560nM,(B29)
3wtj,2.24,2015,0.297uM,(TH4)
3wtl,2.3,2015,0.092uM,(N1Y)
3wtm,2.48,2015,0.100uM,(N1Y)
3wtn,2.09,2015,0.091uM,(N2Y)
3wto,2.25,2015,0.119uM,(N2Y)
3wvm,0.88,2015,1.95uM,(STE)
3wzn,1.3,2015,0.10uM,(BTN)
3wzp,1.2,2015,0.15uM,(ZOF)
3wzq,1.7,2015,0.59uM,(ZOF)
3x00,1.3,2015,0.83nM,(ZOF)
3zcw,1.69,2013,0.65uM,(4A2)
3zhx,2,2013,0.21uM,(FM6)
3zhz,2.25,2013,0.09uM,(FM7)
3zi0,1.9,2013,0.04uM,(FM8)
3zi8,1.5,2013,2.2uM,(FU4)
3zk6,2.48,2013,0.46uM,(H1I)
3zll,2,2013,0.395uM,(4WF)
3zln,2.29,2013,3.4nM,(H0Y)
3zlr,2.03,2013,0.55nM,(X0B)
3zm9,1.9,2013,38nM,(QMQ)
3zos,1.92,2013,1.3nM,(0LI)
3zp9,1.31,2013,15nM,(9TH)
3zqe,2.19,2011,59.0uM,(DXC)
3zso,1.75,2012,7.6uM,(O2N)
3zsq,1.7,2012,10.9uM,(O4N)
3zsx,1.95,2012,519uM,(N44)
3zsy,2.2,2012,595uM,(OM3)
3zt2,1.7,2012,1435uM,(ZT2)
3zt3,1.95,2012,1375uM,(ZT4)
3zt4,2.2,2012,1570uM,(ZT2)
3zxe,1.67,2011,450uM,(PGZ)
3zy2,1.54,2011,0.35uM,(GDP)
3zy5,1.96,2011,0.23uM,(GFB)
3zyh,1.5,2011,51.5uM,(G0S)
3zyu,1.5,2011,0.1uM,(1GH)
4a4v,2,2012,0.287uM,(YFD)
4a4w,2,2012,19nM,(YFB)
4a6s,2.15,2012,6.3uM,(GS9)
4ab8,1.6,2012,136uM,(VXU)
4ab9,1.2,2012,466uM,(VXQ)
4aba,1.25,2012,153uM,(SW1)
4abb,1.25,2012,31uM,(K9S)
4abd,1.25,2012,40uM,(SW2)
4abg,1.52,2012,271uM,(91B)
4abh,1.25,2012,71uM,(7Z3)
4abk,1.6,2012,1.9uM,(AR6)
4aci,1.65,2012,6mM,(CIT)
4ad6,1.85,2013,16.7uM,(GSY)
4agl,1.7,2012,225uM,(P84)
4agm,1.52,2012,105uM,(P86)
4agn,1.6,2012,107uM,(NXG)
4ago,1.45,2012,15.5uM,(P74)
4agp,1.5,2012,20.6uM,(P51)
4agq,1.42,2012,9.7uM,(P96)
4ah9,1.7,2012,3.5mM,(0MB)
4ahr,1.9,2012,6.5mM,(I2E)
4ahs,1.75,2012,6.4mM,(AKH)
4ahu,1.9,2012,5.4mM,(ICO)
4ahv,1.8,2012,15mM,(Z5P)
4ai5,2.22,2012,1.2mM,(ADK)
4aia,1.8,2012,220uM,(ADK)
4aj1,1.87,2012,770uM,(AJ1)
4aj2,1.75,2012,4200uM,(52C)
4aj4,1.9,2012,130uM,(VAB)
4aje,2.35,2012,210uM,(2B4)
4aji,1.93,2012,280uM,(88R)
4ajk,2.03,2012,770uM,(88S)
4ajl,1.77,2012,160uM,(88W)
4ajn,2.1,2012,0.069uM,(88V)
4ajo,1.96,2012,0.093uM,(88N)
4al4,1.78,2012,0.13uM,(W7E)
4aq4,1.8,2012,0.68uM,(G3P)
4aq6,1.98,2013,15.8uM,(OMD)
4aqh,2.4,2012,0.29uM,(TB7)
4arb,2.25,2012,1.3uM,(C57)
4arw,2.2,2012,0.074uM,(HNR)
4asj,2.25,2012,0.028uM,(N6A)
4att,1.25,2013,104.6nM,(HNV)
4au7,2.07,2013,17.2uM,(SAH)
4auj,1.53,2013,18.3nM,(HNW)
4auy,2.1,2012,18.3nM,(HNW)
4av0,2.1,2012,104.6nM,(HNV)
4av4,1.9,2012,94.3nM,(FVQ)
4av5,1.4,2012,61.0nM,(FYZ)
4avh,2.1,2012,59.5nM,(FK9)
4avi,2.4,2012,23.6nM,(XNS)
4avj,2.1,2012,36.5nM,(J73)
4avs,1.4,2013,322uM,(N7P)
4aw8,2,2013,22nM,(ZN)
4axd,2.05,2012,37uM,(ANP)
4ayp,0.85,2013,755nM,(SMD)
4ayq,1.1,2013,47nM,(MVL)
4ayr,1.1,2013,99nM,(IFL)
4ayu,1.5,2013,18.6uM,(N8P)
4az5,1.73,2013,1.02uM,(NGW)
4azb,2.1,2013,57.69nM,(OAN)
4azc,2.09,2013,1.38uM,(NGW)
4azg,2.4,2013,79.05nM,(OAN)
4azi,1.98,2013,35.56nM,(OAN)
4b0b,1.9,2012,0.47mM,(54F)
4b1j,2.08,2012,50.0nM,(A1R)
4b2d,2.3,2012,0.20mM,(SER)
4b2i,1.3,2013,1.0mM,(LZ1)
4b2l,1.5,2013,0.57mM,(TR7)
4b32,1.5,2013,0.46mM,(03V)
4b33,1.5,2013,0.43mM,(1NP)
4b34,1.55,2013,0.73mM,(ABV)
4b35,1.4,2013,1.3mM,(4ME)
4b3c,1.9,2013,2.1mM,(5H1)
4b3d,1.59,2013,2.1mM,(5MI)
4b5s,1.68,2012,0.32mM,(PYR)
4b5t,1.92,2012,0.47mM,(2KT)
4b5w,1.79,2012,0.47mM,(PYR)
4b74,2.18,2012,0.022uM,(1LH)
4b76,2.14,2012,29uM,(PW1)
4b7p,1.7,2013,0.346nM,(9UN)
4bb9,1.47,2013,1uM,(F1P)
4bcq,2.4,2013,0.147uM,(TJF)
4bcs,1.8,2013,103nM,(BTN)
4bi6,1.45,2013,113.3uM,(PGA)
4bi7,1.6,2013,26.4uM,(PGA)
4bj8,2.4,2013,5.13nM,(BTN)
4bkj,1.7,2013,1.9nM,(STI)
4bks,2.2,2013,150uM,(X6C)
4bkt,2.35,2013,240uM,(QD0)
4bqg,1.9,2013,0.60uM,(50Q)
4bqh,1.75,2013,2.58uM,(9VU)
4br3,2.2,2013,1.9uM,(U85)
4btk,2,2013,0.24uM,(DTQ)
4bup,2.17,2013,11.2uM,(SAM)
4buq,2.2,2014,7.3nM,(KGM)
4c0r,1.55,2013,12.2uM,(GDS)
4c1m,2,2013,15.8nM,(NIH)
4c1w,1.84,2014,0.39nM,(SLT)
4c1y,2.23,2014,251uM,(MFB)
4c52,2.05,2014,2.1uM,(X0D)
4c5d,2.3,2014,4.0uM,(X0R)
4c6u,2.4,2013,25.6uM,(TLG)
4c73,1.8,2013,12.1uM,(TLH)
4c9w,1.65,2014,781nM,(VGH)
4c9x,1.2,2014,48nM,(VHS)
4cc5,1.88,2014,38uM,(L5V)
4ce1,2.01,2014,41.8uM,(7FK)
4ce2,2.38,2014,144uM,(BO5)
4ce3,2.31,2014,110uM,(L4V)
4ceb,1.75,2013,1080uM,(ZSV)
4cfl,1.32,2014,1.33uM,(8DQ)
4cg8,1.75,2014,0.11uM,(G8S)
4cg9,1.83,2014,0.62uM,(GQG)
4cga,1.74,2014,0.4uM,(QLW)
4cgi,2.07,2013,752uM,(NZL)
4cgj,2.15,2013,1460uM,(NZL)
4cig,1.7,2014,214uM,(X0P)
4cj4,1.8,2014,432uM,(S3G)
4cjn,1.95,2015,17.54uM,(QNZ)
4cjp,2,2014,481uM,(4D2)
4cjq,1.7,2014,256uM,(VXO)
4cjr,1.8,2014,793uM,(FYM)
4ck3,1.79,2014,268uM,(K1T)
4cki,2.12,2014,1.1uM,(ADN)
4ckj,1.65,2014,14.3uM,(ADN)
4cl6,2.41,2015,4.05uM,(7SB)
4clp,1.9,2014,54.2mM,(CMP)
4cp5,2.32,2015,452uM,(EOI)
4crj,2,2015,1.1uM,(YH5)
4crl,2.4,2015,195pM,(C1I)
4cs9,2.01,2014,8mM,(AMP)
4csd,1.35,2014,1.23uM,(MFU)
4css,1.07,2015,3.5nM,(CWX)
4cst,1.1,2015,1.3nM,(CWK)
4cu1,1.89,2014,19.4uM,(71S)
4cu7,2.2,2014,26nM,(GIF)
4cwb,1.56,2015,0.81uM,(X6L)
4d1j,1.8,2014,485nM,(DGJ)
4d3h,2,2014,0.37uM,(2BA)
4d52,1.76,2015,775uM,(GIV)
4d7b,1.15,2016,21nM,(TCW)
4d8z,2.2,2012,0.51uM,(0J2)
4dbm,2.3,2012,24nM,(0J0)
4dcs,2.25,2012,8.0uM,(GDP)
4dcx,2,2012,31.4uM,(L2D)
4dcy,2,2012,30.2uM,(L2M)
4ddh,2.07,2013,0.5mM,(MS0)
4ddk,1.75,2013,5.1mM,(0HN)
4ddm,1.83,2013,3.5mM,(0HO)
4de5,2.25,2013,0.7mM,(0JD)
4del,1.58,2013,21.1nM,(PGH)
4der,1.9,2012,0.49uM,(AGI)
4des,1.75,2012,1.40uM,(57D)
4det,2.05,2012,2.10uM,(KMP)
4deu,1.6,2012,2.29uM,(NAR)
4dew,1.9,2012,0.10uM,(LU2)
4dko,1.98,2012,0.3uM,(0LM)
4dkp,1.8,2012,1.9uM,(0LL)
4dkq,1.89,2012,0.25uM,(0LK)
4dkr,1.8,2012,0.30uM,(0LJ)
4dli,1.91,2013,2.40uM,(IRG)
4dn0,2.3,2012,1.9uM,(C2E)
4dru,2.1,2012,2.4nM,(0LN)
4dst,2.3,2012,1.1mM,(9LI)
4dsu,1.7,2012,1.5mM,(BZI)
4duh,1.5,2012,6.6uM,(RLI)
4dve,2.09,2012,0.3nM,(BTN)
4dy6,2.2,2012,0.04mM,(A22)
4dzy,2.1,2013,2.4uM,(WJ1)
4e1k,2,2013,0.5uM,(0N5)
4e6c,2.39,2012,15uM,(0O8)
4ear,1.7,2013,151pM,(IM5)
4ede,1.4,2012,42nM,(RET)
4eej,1.5,2012,70nM,(RET)
4ef4,2.15,2012,4.42uM,(C2E)
4ef6,1.94,2013,1.2mM,(I2E)
4efg,1.58,2012,55nM,(RET)
4efk,1.7,2013,3.2mM,(0OC)
4egk,1.69,2012,19nM,(RDC)
4ej8,2.35,2013,4.1uM,(1F1)
4ejl,2.44,2013,7.2uM,(IOP)
4emf,1.77,2012,83.9nM,(M7G)
4emr,1.75,2012,32.1nM,(MGP)
4eo6,1.79,2012,2nM,(0S2)
4eo8,1.8,2012,7nM,(0S3)
4epy,1.8,2012,340uM,(0QY)
4erf,2,2012,0.4nM,(0R3)
4etz,2.05,2012,0.5uM,(C2E)
4eu0,1.7,2012,0.4uM,(C2E)
4euo,1.28,2012,9uM,(ABU)
4euv,2,2012,0.5uM,(C2E)
4ewn,1.9,2012,0.2uM,(0VR)
4exz,1.61,2012,29nM,(RET)
4f0c,1.9,2013,0.54uM,(GDS)
4f1l,1.9,2012,7.6uM,(0RY)
4f3i,1.4,2012,36.1nM,(0S6)
4f5y,2.4,2012,3.70uM,(C2E)
4f6u,2.1,2013,0.70uM,(0SR)
4f6w,2.39,2013,0.03uM,(0SS)
4f7v,1.73,2012,4.16uM,(J1D)
4f8j,1.6,2012,8.6uM,(HC4)
4f9y,1.85,2013,184nM,(LM3)
4fak,1.7,2012,52uM,(SAM)
4fcq,2.15,2012,0.101uM,(2N6)
4fcr,1.7,2012,0.4nM,(0TM)
4fe9,2,2012,990.1uM,(MTT)
4ffs,1.9,2012,36pM,(BIG)
4fht,2.15,2013,0.67uM,(DHB)
4fil,2.4,2013,0.034uM,(0UE)
4fk7,1.78,2012,5.8uM,(P34)
4fl1,1.79,2012,520uM,(ANP)
4fl2,2.19,2012,220uM,(ANP)
4fl3,1.9,2012,150uM,(ANP)
4flp,2.23,2012,190.1nM,(JQ1)
4fm7,1.56,2012,57nM,(0UP)
4fm8,1.9,2012,1.06uM,(0UQ)
4fmu,2.1,2012,360nM,(0UM)
4fnn,2.24,2012,27.2nM,(STE)
4fqo,1.65,2012,6.9uM,(AZ3)
4fut,2,2012,0.31uM,(ATP)
4fvq,1.75,2012,1uM,(ATP)
4fvr,2,2012,1uM,(ATP)
4fxp,1.95,2012,80.4uM,(ADX)
4fxq,1.96,2012,1.7uM,(G9L)
4fzj,1.63,2013,0.7mM,(0W1)
4g0p,1.8,2012,0.98mM,(U5P)
4g0q,1.8,2012,3.00mM,(C5P)
4g0y,1.65,2012,4.99mM,(AMP)
4g0z,1.75,2012,6.13mM,(5GP)
4g2r,2.28,2014,35.8uM,(H1L)
4g4p,1.5,2013,0.13uM,(GLN)
4g5f,2.33,2013,0.9mM,(0JD)
4g5y,1.8,2013,1.7mM,(0OC)
4g8m,2.05,2012,12.8nM,(G8M)
4g8n,2.3,2012,63nM,(G8M)
4g8r,2.19,2013,22nM,(96P)
4gah,2.3,2012,0.8uM,(0ET)
4ge1,2.15,2013,370nM,(TSS)
4ggz,1.75,2013,0.066nM,(BTN)
4ghi,1.5,2013,81nM,(0X3)
4gkc,1.3,2012,150nM,(RET)
4glw,2,2012,0.8uM,(0XT)
4glx,1.9,2012,16nM,(0XS)
4gny,1.64,2013,60uM,(SDS)
4gq4,1.27,2012,22nM,(0RT)
4gqp,2,2013,0.25nM,(B40)
4gs9,1.72,2013,2.2uM,(0XB)
4gu6,1.95,2013,44nM,(10N)
4gu9,2.4,2013,43uM,(4GU)
4gue,1.8,2013,5.8uM,(QCT)
4gui,1.78,2012,0.23mM,(QIC)
4guj,1.5,2012,0.9mM,(SKM)
4gv8,2.1,2013,0.32uM,(DUP)
4gwi,1.6,2012,202uM,(BDZ)
4gwk,1.53,2012,460uM,(3PG)
4h5e,2.04,2012,0.86uM,(IPR)
4h7q,2.1,2013,8.8uM,(COI)
4h81,2.05,2013,7.5uM,(WJ2)
4h85,2.1,2013,7.0uM,(HRI)
4hbm,1.9,2012,12.0nM,(0Y7)
4hfp,2.4,2013,42nM,(15U)
4hiq,1.18,2013,6.2nM,(16V)
4his,1.2,2013,8.1nM,(3MI)
4hj2,2.1,2013,2.95mM,(LZ6)
4hmq,2.1,2013,5.8nM,(FCE)
4hnn,2.4,2013,2uM,(LYS)
4hso,2.1,2013,22uM,(TYR)
4ht0,1.6,2013,10nM,(V50)
4ht2,1.45,2013,290nM,(V50)
4hu1,1.95,2013,29nM,(V13)
4hva,2.07,2013,1.3uM,(4HV)
4i3z,2.05,2012,51.3uM,(ADP)
4i7j,1.67,2013,480uM,(BNZ)
4i7k,1.72,2013,905uM,(MBN)
4i7l,1.52,2013,103uM,(IPH)
4i7m,1.48,2013,72uM,(2LP)
4i7p,1.6,2013,317uM,(ES3)
4i8x,2.23,2013,2.3mM,(6P3)
4i9o,2,2013,1.9uM,(KI1)
4iaw,2.4,2013,0.234nM,(LIZ)
4iax,1.9,2013,0.273nM,(LIZ)
4ibb,1.75,2014,270.7uM,(1DK)
4ibc,1.75,2014,1049uM,(12G)
4ibd,1.84,2014,214.6uM,(1DL)
4ibe,1.95,2014,70.6uM,(11Y)
4ibf,2.29,2014,36.8uM,(1D5)
4ibg,1.41,2014,108.0uM,(1D6)
4ibi,1.47,2014,73.0uM,(1D8)
4ibj,1.54,2014,47.0uM,(1D9)
4ibk,1.85,2014,50.4uM,(1DE)
4idn,2.25,2013,5.77uM,(GNP)
4ido,2.09,2013,11.63uM,(GDP)
4igt,1.24,2013,12.8nM,(3ZA)
4ih5,1.9,2013,78uM,(12R)
4ih6,2.2,2013,18uM,(1EP)
4ih7,2.3,2013,5.8uM,(1ER)
4ijh,1.5,2013,47uM,(1EJ)
4ijl,1.7,2013,135uM,(1EK)
4io2,1.37,2013,0.2uM,(GLU)
4io3,1.66,2013,0.87uM,(ASP)
4io4,1.94,2013,24.5uM,(SER)
4io5,1.72,2013,9.27uM,(ALA)
4io6,1.6,2013,15.1uM,(MET)
4io7,1.92,2013,211uM,(PHE)
4ipi,1.75,2013,4.8uM,(LMR)
4ipj,2.15,2013,13.5uM,(LMR)
4ipn,2.41,2013,408.7uM,(1FT)
4irx,1.45,2013,0.76uM,(INS)
4iue,2.38,2013,0.28uM,(AJ4)
4iuo,1.8,2013,0.23mM,(QIC)
4j21,1.93,2013,39nM,(AJ6)
4j22,2.12,2013,18nM,(AJ7)
4j3l,2.09,2013,16nM,(AJ5)
4j4v,2.3,2013,0.44uM,(SVR)
4j74,1.2,2013,26uM,(I18)
4j7d,1.25,2013,20uM,(I31)
4j7e,1.63,2013,14uM,(I29)
4j8t,2.05,2013,168nM,(DOG)
4j93,1.74,2013,20uM,(1JR)
4jal,2,2013,25uM,(SAH)
4jbl,2,2013,0.54mM,(MET)
4jc1,1.5,2013,50uM,(TDG)
4jck,1.15,2013,4.3mM,(1LL)
4jdf,1.69,2013,6.4mM,(SPD)
4je7,2.1,2014,395nM,(BB2)
4jfk,1.15,2013,0.36uM,(JFK)
4jfl,1.2,2013,10.5uM,(1KY)
4jfm,1.02,2013,3.3uM,(1KZ)
4jin,2.1,2013,2.28uM,(1L7)
4jkw,2.01,2013,69.9uM,(IPE)
4jn2,1.71,2013,2.1pM,(4CC)
4jn4,2.3,2013,1.38uM,(ATP)
4jne,1.96,2013,1.38uM,(ATP)
4jnj,1.9,2013,0.85nM,(BTN)
4jpx,1.55,2013,7.0uM,(PHE)
4jpy,2.13,2013,37uM,(PHE)
4jv6,1.87,2013,217nM,(18F)
4jv8,1.45,2013,1.42uM,(1M1)
4jvb,1.75,2013,39nM,(1M0)
4jwk,1.87,2013,4.79nM,(CTN)
4jx9,1.4,2013,2.4nM,(URI)
4jyb,2.1,2013,0.11uM,(GNP)
4jyc,2.2,2013,0.20uM,(GDP)
4jym,1.35,2013,9.05uM,(KKN)
4jzb,1.9,2014,342.5nM,(P2H)
4k10,2.3,2014,119.5nM,(NI9)
4k3h,2.45,2013,140nM,(1OM)
4k4j,2,2013,0.752uM,(1O8)
4k55,1.91,2013,3.06uM,(H6P)
4k6i,2.1,2013,0.629uM,(9RA)
4k7i,2.25,2014,1500uM,(CAQ)
4k7n,2.3,2014,330uM,(MCT)
4k7o,1.98,2014,50uM,(EKZ)
4k9y,2,2013,0.111uM,(K9Y)
4kao,2.39,2013,0.77uM,(KAO)
4kax,1.85,2013,17uM,(GTP)
4kby,2.36,2013,186nM,(C2E)
4kcx,2,2013,37uM,(1QK)
4kfq,2.2,2013,5.86nM,(KFQ)
4kii,1.85,2013,0.59uM,(RHL)
4klv,1.3,2013,165.3uM,(KLV)
4km0,1.3,2013,0.91uM,(CP6)
4km2,1.4,2013,1.43uM,(TOP)
4kmz,2.3,2013,2.7nM,(FOL)
4kn0,2.1,2013,40nM,(MTX)
4kn1,2.3,2013,144nM,(04J)
4kne,2,2013,1.26uM,(1CY)
4kni,1.8,2013,16.7nM,(E1E)
4knj,2,2013,11.1nM,(E1F)
4knm,1.9,2013,10.0nM,(E1E)
4knn,1.4,2013,16.7nM,(E1F)
4knz,1.3,2013,8.5uM,(UMC)
4ko8,1.98,2013,0.07uM,(AGS)
4kot,1.55,2013,3.5uM,(CE3)
4kov,1.6,2013,176.7uM,(KOV)
4kow,1.45,2013,49.3uM,(CFX)
4kox,1.8,2013,16.9uM,(CLS)
4kp5,1.45,2013,833nM,(E1F)
4kp8,1.8,2013,3330nM,(E1G)
4kqp,0.95,2013,0.9uM,(GLN)
4ksy,1.88,2013,3.79nM,(1SY)
4kv9,1.93,2014,146uM,(GDP)
4kva,2.14,2014,115uM,(GTP)
4kxl,1.69,2014,0.6uM,(6C6)
4kxm,2.24,2014,2.6uM,(6IA)
4kxn,1.9,2014,0.8uM,(6K6)
4kzq,2.25,2013,788nM,(DFL)
4l4v,1.9,2013,1.65uM,(1VY)
4l4z,2.3,2013,2.1uM,(D5X)
4l50,2.1,2013,0.88uM,(D8X)
4l51,1.9,2013,995uM,(HSX)
4l9i,2.32,2014,13uM,(8PR)
4lar,2.38,2013,20.7uM,(1WE)
4lbp,1.87,2013,11.4uM,(1WG)
4lbu,1.17,2014,276nM,(1WJ)
4leq,1.41,2014,288nM,(1WK)
4lhv,1.95,2013,0.1nM,(GDP)
4lj5,2.4,2014,0.51uM,(ADP)
4lj8,2.1,2014,1.5uM,(ADP)
4lnw,1.9,2014,90.9nM,(T3)
4loh,2.25,2013,0.11uM,(1SY)
4loi,1.89,2013,0.17uM,(1YC)
4loj,1.77,2013,0.3uM,(1SY)
4loo,1.95,2013,7nM,(SB4)
4lop,2.05,2013,0.007uM,(SB4)
4loq,2.32,2013,0.007uM,(SB4)
4lov,1.5,2014,17.1nM,(KGM)
4lp6,2.15,2013,5.36nM,(Q4I)
4lpg,2.35,2014,55.6uM,(1MV)
4lph,2.3,2014,9.2uM,(YL3)
4lps,2,2013,1.8uM,(GDP)
4luo,1.54,2013,580uM,(1DZ)
4luv,1.4,2013,1400uM,(1XS)
4luz,1.9,2013,20uM,(1XT)
4lw1,1.63,2013,710uM,(1XS)
4lwc,1.61,2013,0.19uM,(1XU)
4lxz,1.85,2013,0.182uM,(SHH)
4ly1,1.57,2013,0.0552uM,(20Y)
4ly9,2.35,2013,7nM,(1YY)
4lys,1.83,2014,46uM,(2SJ)
4lyw,1.95,2014,237nM,(21Q)
4lzr,1.85,2014,20uM,(LOC)
4lzs,2.2,2014,16uM,(L46)
4m0y,1.7,2014,0.35uM,(M0Y)
4m0z,2,2014,6.4uM,(M0Z)
4m12,2.15,2014,0.9uM,(1YZ)
4m14,1.55,2014,0.2uM,(QWS)
4m3p,1.9,2014,4uM,(HCS)
4m5g,1.31,2014,9.7uM,(YH1)
4m5h,1.11,2014,29uM,(YH2)
4m5i,1.08,2014,6.7uM,(YH6)
4m5j,1.7,2014,14.5uM,(YH5)
4m5k,1.3,2014,5.9uM,(YH3)
4m5l,1.09,2014,18.9uM,(YH4)
4m5m,1.12,2014,18uM,(DX4)
4m5n,2,2014,7.5uM,(YH7)
4m8e,2.4,2014,13nM,(29V)
4m8h,2.2,2014,25nM,(R4M)
4mg5,2.05,2014,4.53uM,(27E)
4mg6,2.1,2014,2.42uM,(27G)
4mg7,2.15,2014,0.44uM,(27H)
4mg8,1.85,2014,0.33uM,(27J)
4mg9,2,2014,2.11uM,(27K)
4mga,1.8,2014,1.37uM,(27L)
4mgb,1.85,2014,3.67uM,(XDH)
4mgc,2.15,2014,0.48uM,(27M)
4mgd,1.9,2014,20.19uM,(27N)
4mjo,2.4,2013,0.60uM,(2C1)
4mmm,1.47,2014,150uM,(BP7)
4mmp,1.57,2014,19.7nM,(SLB)
4mo4,1.67,2014,0.06mM,(ACP)
4mp2,1.75,2014,3570nM,(PV1)
4mp7,1.8,2014,1827nM,(PFT)
4mpc,1.7,2014,711nM,(PV2)
4mpe,1.95,2014,426nM,(PV8)
4mpn,1.75,2014,239nM,(PV0)
4mq6,1.7,2014,340nM,(29W)
4mr3,1.68,2013,1142nM,(1K0)
4mr4,1.66,2013,1142nM,(1K0)
4mr5,1.63,2013,251nM,(1K0)
4mr6,1.67,2013,251nM,(1K0)
4mre,1.58,2014,6.4mM,(2C9)
4mrf,1.55,2014,11.2mM,(2CK)
4mrg,1.69,2014,1.1mM,(24W)
4mrh,1.12,2014,12.6mM,(2CQ)
4mue,2.06,2014,200nM,(2DH)
4mul,1.75,2014,610nM,(2DW)
4muv,1.25,2014,1731nM,(PCG)
4my6,1.7,2014,2.4uM,(3VH)
4n07,1.87,2013,0.35uM,(2J9)
4n5d,2.06,2013,607uM,(2FQ)
4n6g,2.14,2014,3.4uM,(2GQ)
4n6h,1.8,2013,0.52nM,(EJ4)
4n7j,1.67,2013,3.4uM,(2GQ)
4n7m,2.12,2013,3.4uM,(2GQ)
4n7u,1.46,2014,0.51uM,(2JA)
4n9c,1.75,2014,126uM,(2ZM)
4nbk,1.94,2014,136uM,(2J5)
4nbl,1.76,2014,0.47uM,(2J6)
4nbn,1.75,2013,44uM,(2J7)
4ncn,1.87,2014,2.12uM,(GTP)
4ndu,1.3,2014,1.8mM,(AMG)
4nj3,1.85,2013,0.30uM,(2KD)
4nj9,1.95,2014,108nM,(2M9)
4nja,2.2,2014,600nM,(2M9)
4nka,2.19,2013,311.4nM,(2K7)
4nkt,1.9,2013,1.08uM,(2KH)
4nl1,2.3,2014,130uM,(Z13)
4nnr,1.98,2014,55nM,(FK5)
4np2,1.75,2014,5.5mM,(2L1)
4np3,1.61,2014,0.5mM,(2L2)
4np9,1.92,2013,9.4uM,(I3P)
4nra,1.85,2013,65uM,(2LW)
4nxu,2.3,2013,2.9uM,(ADP)
4nxv,2.3,2013,3.8uM,(GDP)
4nyf,1.9,2014,49nM,(4BI)
4nyt,2.25,2014,4.1mM,(PC)
4nzo,1.9,2014,0.17uM,(2OV)
4o0a,1.2,2014,0.19uM,(2P9)
4o3f,2.11,2014,2.78uM,(TZN)
4o61,1.9,2014,50uM,(CIT)
4oag,2,2014,0.5uM,(ADP)
4ock,1.72,2014,8.3uM,(ANP)
4ocp,1.94,2014,0.8uM,(ADP)
4ocq,1.88,2014,24.7uM,(A2G)
4ocv,1.47,2014,8.3uM,(ANP)
4oeu,2.2,2014,22nM,(HIS)
4oew,2.44,2015,152nM,(5IO)
4oex,2.14,2015,1.45uM,(5EO)
4og3,2.01,2014,285nM,(2S6)
4og4,1.45,2014,952nM,(2VK)
4ogi,1.73,2014,37nM,(R78)
4ogj,1.65,2014,164nM,(2TA)
4oi6,2.04,2014,10uM,(CIT)
4oiv,1.7,2015,8.29uM,(XX9)
4oks,2.25,2014,33uM,(2T9)
4omj,1.6,2015,5.44uM,(2TX)
4omk,1.75,2015,40.10uM,(SQL)
4or4,2.21,2015,26.8uM,(M7G)
4or6,2.29,2015,4.9uM,(GDP)
4oru,1.55,2014,210uM,(PEU)
4orx,1.6,2014,297uM,(PEU)
4ory,1.8,2014,297uM,(PEU)
4ouj,1.46,2014,1.39mM,(LBT)
4ovh,2.25,2014,14uM,(2VE)
4ozj,1.45,2014,4uM,(ADP)
4ozl,1.49,2014,10.6uM,(AMP)
4p3h,1.45,2014,1.0uM,(25G)
4p4t,2.3,2014,41.0uM,(GDP)
4p5z,2,2014,39.3nM,(Q7M)
4pb2,2.3,2014,16uM,(5UD)
4pd6,2.08,2014,36uM,(URI)
4pf5,2.04,2014,3.3uM,(M3N)
4pft,1.75,2014,2.3nM,(MAB)
4pfu,2.05,2014,0.67uM,(MAB)
4phu,2.33,2014,12.04nM,(2YB)
4pin,1.9,2014,4uM,(AVI)
4pio,1.51,2014,2uM,(AVI)
4pmm,2,2014,27nM,(31V)
4pnu,1.9,2014,13uM,(2VD)
4pnw,2,2014,9uM,(2VM)
4poh,2.3,2014,10nM,(2VR)
4poj,2,2014,8nM,(2VP)
4pop,2.2,2014,7.44nM,(2VY)
4pov,2.2,2014,5.21nM,(2VY)
4pow,1.55,2014,0.5uM,(OP1)
4pox,2.29,2014,3.7uM,(2W2)
4pp0,1.57,2014,39.9uM,(OP1)
4pp3,2,2014,15nM,(2VZ)
4pp5,2,2014,18nM,(2W0)
4psb,1.42,2014,23uM,(GA3)
4puj,1.42,2014,35.0nM,(CKR)
4puk,1.49,2014,52.4nM,(2WU)
4pul,1.65,2014,146.1nM,(2WU)
4pum,1.93,2014,188.1nM,(2WU)
4pvx,2.18,2015,172nM,(YS1)
4pvy,2.05,2015,197nM,(JD1)
4pxm,1.9,2015,1.3nM,(EST)
4pyx,1.8,2015,730nM,(V90)
4pyy,1.75,2015,59nM,(V14)
4pzv,1.7,2014,2.0uM,(J1D)
4q06,1.15,2015,22nM,(V90)
4q07,1.15,2015,7.3nM,(V14)
4q08,1.07,2015,500nM,(V90)
4q09,1.2,2015,6.7nM,(V14)
4q0a,1.9,2014,0.33uM,(4OA)
4q0k,1.34,2014,13.4uM,(GA3)
4q0l,2,2015,20nM,(V14)
4q3q,2,2014,1.3uM,(ABH)
4q3r,2.17,2014,0.54uM,(XA2)
4q3s,2.11,2014,0.26uM,(X7A)
4q3t,2.14,2014,0.33uM,(HAR)
4q46,1.8,2015,169uM,(GDP)
4q4o,1.35,2014,34.3nM,(2YM)
4q4p,1.54,2014,407.4nM,(2YO)
4q4q,1.41,2014,1638.9nM,(SAQ)
4q4r,1.45,2014,369.2nM,(SQO)
4q4s,1.25,2014,111.6nM,(S98)
4q6d,1.12,2014,43.5nM,(WW3)
4q6e,1.12,2014,0.667uM,(KR5)
4q9m,2.06,2014,66nM,(2ZW)
4q9o,2.2,2014,1.7uM,(2ZW)
4qac,2.1,2014,0.4nM,(KK3)
4qb3,0.94,2015,3.4uM,(30M)
4qdk,1.7,2014,1.4uM,(SAH)
4qem,1.2,2014,16nM,(HC4)
4qer,1.2,2014,29nM,(STL)
4qev,1.8,2014,22nM,(31O)
4qew,1.7,2014,86nM,(31P)
4qf7,1.48,2014,2.5nM,(C0R)
4qf8,1.65,2014,31nM,(SPD)
4qgd,1.8,2014,37nM,(PZZ)
4qij,2.2,2014,2.9uM,(1HA)
4qip,2,2015,7uM,(SDS)
4qiy,1.3,2015,50nM,(WWX)
4qiz,1.55,2015,7.1nM,(WWX)
4qj0,1.55,2015,48nM,(WWX)
4qjm,1.75,2015,6.7nM,(V1F)
4qjo,1.8,2015,40nM,(V1F)
4qjp,1.62,2015,2.5nM,(V1F)
4qjr,2.4,2014,80nM,(PIZ)
4qjw,1.55,2015,16nM,(WWO)
4qjx,1.95,2015,52nM,(WWO)
4qkd,1.35,2014,80.9uM,(AKG)
4ql1,1.5,2014,93nM,(35Q)
4qnb,2,2014,0.26uM,(1B0)
4qp2,2.23,2015,940uM,(36R)
4qpd,2.1,2015,15nM,(THG)
4qpl,1.9,2014,39nM,(V3L)
4qsu,1.9,2014,10mM,(TDR)
4qsv,1.9,2014,10mM,(THM)
4qsw,1.8,2014,21mM,(38T)
4qsx,1.93,2014,18mM,(38S)
4qtl,1.8,2015,120nM,(WWO)
4qxo,1.88,2014,3.12uM,(1YE)
4qxq,2.42,2014,1.99uM,(1YE)
4qxr,2.37,2014,0.99uM,(1YE)
4qyy,1.65,2014,0.05uM,(3G7)
4qzs,1.45,2014,89nM,(JQ1)
4r07,2,2015,4.8uM,(UCG)
4r0a,1.9,2015,55uM,(URI)
4r4c,1.4,2014,2.9uM,(3HS)
4r4i,1.4,2014,0.54uM,(3HV)
4r4o,1.33,2014,1.5uM,(3HW)
4r4q,1.35,2014,8.2uM,(3HZ)
4r4t,1.28,2014,0.55uM,(3J0)
4r6w,1.59,2014,5.4uM,(SAH)
4r73,1.6,2015,23nM,(G6P)
4r74,1.93,2015,8nM,(F6P)
4r75,1.28,2015,57nM,(S7P)
4r91,1.58,2014,430nM,(3KT)
4rd0,1.71,2015,0.24uM,(GDP)
4rd3,1.69,2015,0.34uM,(GDP)
4rd6,1.94,2015,0.52uM,(GDP)
4rdn,2.1,2014,1.2uM,(6MD)
4rfr,1.5,2016,0.29uM,(RHN)
4rgd,1.2,2015,113.9uM,(CIT)
4rlt,2.05,2015,10.9uM,(FSE)
4rlu,2.2,2015,15.2uM,(HCC)
4rlw,2.2,2015,13.4uM,(BUN)
4rpn,2.27,2014,110nM,(PCI)
4rpo,1.95,2014,22.8nM,(T6C)
4rqk,1.55,2014,1.5uM,(R1S)
4rqv,1.5,2014,9uM,(R2S)
4rr6,1.88,2015,1.0uM,(A3S)
4rra,1.7,2015,13.4uM,(A3T)
4rrf,1.7,2015,239.2uM,(A3S)
4rrg,1.93,2015,1538.5uM,(A3T)
4rrq,1.79,2015,3.4uM,(A3S)
4rrr,1.86,2015,36.2uM,(A3T)
4rt0,1.8,2015,3.13uM,(C2E)
4rt1,1.7,2015,0.73uM,(C2E)
4ruu,1.4,2014,29nM,(RET)
4rvr,1.98,2014,136nM,(3WQ)
4rwj,2.49,2015,2nM,(66T)
4rwl,2.19,2015,8nM,(3ZC)
4rww,1.6,2014,1.4uM,(2BA)
4ryl,2.1,2015,53nM,(3ZG)
4s2i,1.6,2015,0.001uM,(NXL)
4tjz,0.87,2015,1.07uM,(DKA)
4tkb,0.86,2015,2.56uM,(DAO)
4tkh,0.93,2015,1.84uM,(MYR)
4tkj,0.87,2015,0.913uM,(PLM)
4tpw,1.5,2014,20.5uM,(33R)
4tq3,2.41,2014,3.2uM,(GPP)
4tqn,1.7,2015,0.77uM,(UL4)
4trc,2.4,2014,30uM,(ADE)
4tsx,1.94,2014,10.3uM,(LF0)
4tte,1.8,2014,202uM,(36Z)
4tu4,1.73,2014,175uM,(37N)
4tun,1.93,2014,3.87uM,(MVH)
4txc,1.95,2014,0.24uM,(38G)
4tyl,1.85,2014,600uM,(39O)
4tz2,1.7,2014,350uM,(39R)
4tz8,2.15,2014,500uM,(39U)
4u0e,2.04,2014,0.12uM,(1B0)
4u0f,2.22,2014,1.2uM,(3A8)
4u0s,2.49,2014,0.158uM,(ADP)
4u0w,2,2015,1mM,(16G)
4u0x,2.03,2014,590nM,(ZXM)
4u43,2.18,2014,48uM,(3D8)
4u4s,1.9,2014,1200uM,(3C1)
4u4x,1.56,2014,9.8uM,(3C2)
4u54,2.41,2015,8.7mM,(3C5)
4u5n,2.31,2015,3.3mM,(3D4)
4u5o,2,2015,3.8mM,(3D5)
4u5s,2.12,2015,3.9mM,(3D0)
4u5u,1.96,2015,1.3mM,(3D2)
4u5v,1.97,2015,0.9mM,(RH2)
4u7o,2.4,2015,450uM,(AN2)
4ua8,1.54,2014,550nM,(MLR)
4uac,1.6,2014,288nM,(ACR)
4uc5,2.19,2015,3.3uM,(PHE)
4ucc,2.05,2015,48uM,(ZKW)
4und,2.2,2015,1.1nM,(2YQ)
4unp,2.3,2015,590uM,(TXW)
4uof,2.1,2014,14.6uM,(DAT)
4uoh,2.01,2014,17uM,(ADP)
4up5,1.65,2014,2.5mM,(94W)
4urx,2.49,2015,1.3mM,(HXY)
4ury,2.47,2015,6.0mM,(RV1)
4urz,2.24,2015,3.0mM,(VJP)
4us3,2.1,2014,4.8uM,(TRP)
4usi,1.45,2014,38.9uM,(AKG)
4usw,2.05,2014,2.03mM,(ATP)
4uxq,1.85,2014,16.0nM,(0LI)
4uye,1.65,2014,9.54nM,(9F9)
4uyf,1.6,2014,25nM,(73B)
4v01,2.33,2014,7.7nM,(0LI)
4v04,2.12,2014,7.7nM,(0LI)
4w52,1.5,2015,175uM,(BNZ)
4w53,1.56,2015,102uM,(MBN)
4w54,1.79,2015,68uM,(PYJ)
4w55,1.64,2015,18uM,(3H0)
4w57,1.68,2015,14uM,(N4B)
4w5j,1.65,2014,57nM,(AP5)
4w97,1.6,2014,0.08uM,(UCA)
4w9c,2.2,2014,22.2uM,(3JG)
4w9d,2.2,2014,10.2uM,(3JK)
4w9f,2.1,2014,3.27uM,(3JU)
4w9h,2.1,2014,0.185uM,(3JF)
4w9i,2.4,2014,1.10uM,(3JS)
4w9j,2.2,2014,0.588uM,(3JH)
4w9k,2.1,2014,0.291uM,(3JO)
4w9l,2.2,2014,9.52uM,(3JJ)
4w9w,1.72,2014,33.1nM,(YDJ)
4w9x,2.14,2014,39.8nM,(3JW)
4wet,1.63,2015,444uM,(WEF)
4wey,1.55,2015,318uM,(EG6)
4wf2,2.31,2014,8.03nM,(BTX)
4wf4,1.7,2015,777uM,(WF4)
4whq,1.78,2014,75uM,(3N8)
4whr,1.58,2014,75uM,(3N8)
4whs,1.35,2014,75uM,(3N8)
4wiv,1.56,2014,550nM,(3P2)
4wk1,1.98,2014,1.3uM,(2BA)
4wke,1.62,2014,8nM,(3PU)
4wm9,2.4,2014,0.12uM,(NXL)
4wmc,2.3,2014,9nM,(NXL)
4wmu,1.55,2015,0.18uM,(19H)
4wmv,2.4,2015,93uM,(3R4)
4wmx,2,2015,14.1uM,(3R7)
4wmy,1.6,2015,85nM,(3S6)
4wn5,1.15,2015,39nM,(MVC)
4wop,2.39,2015,17.2uM,(CTP)
4wr7,1.5,2015,0.002nM,(3TV)
4wri,1.4,2015,0.97nM,(OKA)
4wt2,1.42,2014,38pM,(3UD)
4wup,1.75,2015,0.15nM,(3UF)
4wvl,2.41,2014,131nM,(3US)
4ww6,1.06,2015,0.062nM,(3TV)
4ww8,1.42,2015,0.067nM,(VD9)
4wyp,1.5,2015,440uM,(AMP)
4wyz,1.45,2015,50uM,(U3P)
4wz6,2.05,2015,2.5uM,(ATP)
4x11,2.3,2015,6mM,(SIA)
4x1f,2,2015,10.8nM,(3WF)
4x21,1.95,2015,36nM,(3WH)
4x3t,2.14,2015,28.9uM,(45E)
4x50,2,2015,17.7nM,(3X8)
4x5p,1,2015,6.2nM,(3XJ)
4x5q,1.12,2015,1nM,(3XN)
4x5r,1.65,2015,14nM,(3XO)
4x5y,1.59,2015,9.3nM,(3XW)
4x5z,1.86,2015,23.6nM,(3XY)
4x8o,2.1,2015,250nM,(AP5)
4x8t,2.2,2015,8.9mM,(3Z8)
4xcb,1.6,2015,3.4uM,(HY0)
4xcu,1.71,2015,6nM,(40M)
4xk9,2.2,2015,0.86nM,(41J)
4xkb,1.5,2015,0.8uM,(DE9)
4xkc,2,2015,1.36uM,(MD9)
4xmb,2.43,2015,44nM,(41P)
4xmr,1.3,2015,86uM,(ILE)
4xo8,1.7,2016,1.1nM,(KGM)
4xoc,1.42,2016,3nM,(KGM)
4xoe,2.4,2016,9.9uM,(KGM)
4xrq,1.95,2015,0.232uM,(1B0)
4xt2,1.7,2015,70nM,(43L)
4xtp,1.97,2016,55.40uM,(TNR)
4xtv,1.45,2015,0.54nM,(44K)
4xtw,2.3,2015,0.933nM,(44M)
4xty,1.8,2015,0.614nM,(44L)
4xu0,1.6,2015,0.769nM,(44N)
4xu1,1.7,2015,0.324nM,(44O)
4xu2,1.85,2015,0.592nM,(44Q)
4xu3,2.24,2015,0.315nM,(44R)
4xx9,1.4,2015,8.4uM,(RF4)
4xxh,2.4,2015,10uM,(T6P)
4xy8,1.7,2015,397nM,(43U)
4xy9,1.83,2015,4651nM,(43U)
4xya,2.05,2015,1370nM,(43S)
4y24,2.32,2016,0.22uM,(TD2)
4y2q,2.4,2015,1200uM,(49N)
4y38,1.1,2016,4mM,(0A9)
4y3j,1.31,2016,6.8mM,(HIC)
4y3y,1.35,2016,4.5mM,(DCL)
4y4j,1.03,2016,3.4mM,(LNR)
4y4v,2.04,2015,224uM,(DAL)
4y59,1.22,2015,5.8uM,(T21)
4y5d,1.2,2015,1.2uM,(MT6)
4y8d,2.1,2015,0.0089uM,(49J)
4y94,2.4,2015,238nM,(IHP)
4yc9,1.82,2015,1.3nM,(4C1)
4ycu,2.1,2015,3.3uM,(KRS)
4ydn,1.35,2015,2.3nM,(2WN)
4yee,2,2015,0.32uM,(4CQ)
4yef,1.72,2015,4.44uM,(4CQ)
4yhm,2.16,2016,173pM,(4CC)
4yho,1.82,2016,18pM,(4CC)
4ymg,1.9,2015,21uM,(SAM)
4ymh,1.88,2015,0.35uM,(SAH)
4ymq,2,2015,1.6uM,(ZBD)
4ymx,1.48,2015,79nM,(ARG)
4yrd,2.44,2015,27uM,(3IT)
4ysl,1.46,2015,1.6uM,(GSH)
4yv5,1.9,2015,0.6uM,(SVR)
4yw6,1.4,2015,83nM,(G0P)
4yw7,1.82,2015,130nM,(4J0)
4ywa,1.19,2015,28nM,(4J9)
4yx4,1.01,2016,1073.4nM,(FB2)
4yxi,0.96,2016,318.8nM,(4J8)
4yxo,1.06,2016,91.4nM,(4JC)
4yxu,1.08,2016,57.4nM,(4JE)
4yyt,1.07,2016,418.3nM,(S2O)
4yz5,2.27,2015,1.48mM,(SLT)
4z46,1.85,2015,1.51mM,(1PT)
4z6h,1.8,2015,612nM,(4L2)
4z6i,1.95,2015,493nM,(4L3)
4z93,1.27,2015,44.6nM,(4LD)
4zam,1.42,2016,0.011uM,(MA4)
4zb6,1.8,2015,0.53uM,(GDS)
4zb8,2,2015,0.94uM,(GDS)
4zba,1.5,2015,3.09uM,(GDS)
4zeb,1.89,2015,0.3uM,(AGR)
4zec,2.15,2015,1.5uM,(C84)
4zed,1.75,2015,7.5uM,(AGW)
4zei,2.3,2015,1.33uM,(LAO)
4zek,2.09,2015,2.2uM,(LAH)
4zfi,2,2016,0.5uM,(4NJ)
4zgk,2,2016,3.1uM,(4NX)
4zij,1.78,2016,565uM,(SFQ)
4zji,1.99,2015,340nM,(4OQ)
4zjj,2.2,2015,9.9nM,(4OR)
4zl4,2.37,2015,13.8nM,(4PK)
4zme,1.98,2015,50uM,(ADN)
4zmf,2.39,2015,110uM,(AMP)
4zow,2.45,2015,75uM,(CLM)
4zs9,1.37,2016,27uM,(RAF)
4zsh,1.8,2016,90nM,(4XW)
4zt8,1.98,2015,41uM,(CYT)
4zv1,1.52,2016,5.73uM,(ARG)
4zv2,1.43,2016,1170uM,(GLN)
4zvi,2.2,2015,0.47uM,(4S4)
4zyf,1.8,2015,2.3nM,(4T4)
4zzd,2.35,2015,0.25uM,(RBF)
4zzx,1.65,2015,0.125uM,(FSU)
4zzy,2.2,2015,2.5uM,(D7N)
4zzz,1.9,2015,0.087uM,(FSU)
5a14,2,2015,50nM,(LQ5)
5a4c,2.09,2015,5.7nM,(XOJ)
5a5q,1.97,2015,21uM,(6XC)
5a5v,2.04,2016,33nM,(PXJ)
5a6i,1.86,2016,56nM,(TCW)
5a6x,1.55,2016,202nM,(MFU)
5a7b,1.4,2015,271uM,(KMN)
5a81,2.03,2015,2.9uM,(78J)
5aan,1.6,2017,71uM,(XOC)
5ab9,1.36,2015,470nM,(92O)
5aba,1.62,2015,1040uM,(UL7)
5acw,1.8,2015,145uM,(RHU)
5acx,1.8,2015,9uM,(WL3)
5acy,2.01,2015,6.4nM,(9S3)
5ad1,1.32,2016,58nM,(8LC)
5afv,2.25,2015,2.6uM,(JH5)
5agi,1.47,2015,46uM,(ANZ)
5agj,2,2015,0.7uM,(ANZ)
5agr,1.3,2016,3.7uM,(A52)
5ags,1.47,2016,0.040uM,(38Y)
5agt,1.45,2016,0.075uM,(A2H)
5ahw,2.15,2015,6.82uM,(CMP)
5ai1,2.1,2015,0.34uM,(EQU)
5aip,2.3,2016,1.5mM,(4HP)
5ais,1.85,2015,0.57uM,(CWC)
5aiv,2.04,2015,0.65uM,(M1W)
5aix,2.1,2015,0.012uM,(KRX)
5alb,2.16,2015,19.6pM,(TIQ)
5alc,1.7,2015,7.4nM,(TIQ)
5am6,1.96,2015,185nM,(38O)
5am7,1.96,2015,64.5nM,(38O)
5ant,2,2016,0.440uM,(RJE)
5anu,1.8,2016,0.0004uM,(58T)
5anv,1.16,2016,0.0005uM,(RGJ)
5anw,1.37,2016,0.003uM,(9CQ)
5aoi,1.78,2015,940uM,(RZH)
5aoj,1.47,2015,21uM,(Y0V)
5aol,1.5,2015,4800uM,(UFV)
5aom,1.74,2015,1270uM,(FY8)
5aqf,1.88,2016,165uM,(ADN)
5aqg,2.24,2016,31uM,(ZJB)
5aqh,2,2016,3.5mM,(ZVO)
5aqj,1.96,2016,2100uM,(Q88)
5aqk,2.09,2016,223uM,(GDP)
5aqn,2.45,2016,1.7mM,(JG8)
5aqo,2.12,2016,1.4mM,(CWS)
5aqp,2.08,2016,2.1mM,(1LQ)
5aqr,1.91,2016,1mM,(N8Y)
5aqt,1.9,2016,0.31mM,(5P7)
5aqu,1.92,2016,1.04mM,(UX0)
5aqv,1.75,2016,0.37mM,(KC7)
5aqz,1.65,2016,3.3uM,(SGV)
5ar0,1.9,2016,0.72uM,(GB8)
5arf,1.92,2016,540nM,(I9H)
5aut,1.7,2015,6.7uM,(2AN)
5ave,1.8,2016,3.6uM,(SER)
5avf,1.95,2016,3.2uM,(TAU)
5b2d,2.18,2016,56uM,(SLT)
5b5f,1.2,2017,5.6uM,(6F3)
5b5g,1.5,2017,5.6uM,(6FX)
5boj,1.75,2015,100nM,(4TX)
5bs4,1.29,2015,0.0099nM,(4UX)
5btx,2.1,2015,280uM,(CMP)
5bv3,2.25,2015,68nM,(M7G)
5bw4,2.1,2016,68uM,(SAM)
5c2o,2.35,2016,28.2uM,(TTP)
5c3p,2.1,2015,34.4uM,(AKG)
5c4l,2.35,2016,2.3uM,(SIS)
5c5h,2.4,2015,394nM,(4YB)
5c5t,1.6,2015,746uM,(AKG)
5c7n,1.75,2015,0.27uM,(BMF)
5c85,1.7,2016,105uM,(4YO)
5cbr,2,2015,1.80uM,(4ZK)
5cbs,1.8,2015,3.90uM,(E42)
5chk,2.2,2016,4.12uM,(55R)
5cks,2.12,2016,3.1uM,(52L)
5cp5,1.79,2016,1.234uM,(EB0)
5cp9,1.9,2015,0.31mM,(6O5)
5cqt,1.6,2016,0.124uM,(EB3)
5cqu,2.35,2015,290nM,(JRJ)
5cs5,1.9,2015,26.6mM,(PIN)
5cs6,1.88,2016,630uM,(K82)
5csd,1.45,2016,13nM,(ACD)
5csh,1.59,2016,270uM,(54E)
5cso,1.78,2015,940nM,(CTN)
5csp,1.5,2016,58uM,(54G)
5cst,1.78,2015,110nM,(CDP)
5ct1,2,2015,30.2mM,(NHE)
5ct2,2,2015,1.2mM,(CXS)
5cu2,1.71,2016,58uM,(54G)
5cu4,1.56,2016,0.320uM,(54S)
5cxa,1.3,2016,9nM,(55L)
5cxi,2,2016,280nM,(5TW)
5cy9,1.55,2016,0.218uM,(E0A)
5cyi,2,2015,1.31uM,(55S)
5cyv,1.52,2015,11uM,(WCA)
5czm,1.3,2016,4.8nM,(R47)
5d0c,1.49,2016,2.340uM,(E0B)
5d0r,2.24,2016,0.43uM,(B1T)
5d1r,2,2015,14.4uM,(56S)
5d21,1.9,2015,4.2nM,(56N)
5d24,1.65,2016,5.8uM,(L26)
5d25,1.7,2016,0.50uM,(56M)
5d26,1.82,2016,0.81uM,(L28)
5d3c,1.31,2016,40pM,(56O)
5d3h,1.7,2016,7.9uM,(57G)
5d3j,1.7,2016,5.7uM,(L33)
5d3l,1.5,2016,0.88uM,(57F)
5d3n,2.15,2016,9.2uM,(L40)
5d3p,1.95,2016,7.4uM,(57E)
5d3t,1.93,2016,12uM,(56Y)
5d3x,1.69,2016,440nM,(4IP)
5d6j,2.25,2016,36uM,(ATP)
5d7x,1.35,2016,15uM,(XZ8)
5d9p,1.8,2015,0.63mM,(NBG)
5dbm,1.86,2016,0.35uM,(58N)
5dkn,1.53,2016,202.6uM,(B7I)
5dkr,1.74,2016,6.0uM,(5CZ)
5dlx,1.9,2016,2uM,(5D2)
5dlz,1.7,2016,1.8uM,(5D1)
5dnu,1.2,2016,77.6uM,(KKN)
5doh,1.05,2016,32nM,(5DU)
5dq8,2.31,2015,73uM,(FLF)
5dqf,2.15,2015,253uM,(CZE)
5drs,1.1,2016,1.1nM,(5EF)
5dtk,1.6,2016,50uM,(5F3)
5dts,1.94,2016,280uM,(5F8)
5dtt,2.1,2016,310uM,(5F5)
5dtw,2.44,2016,3.5uM,(5F9)
5du4,1.7,2016,5.6uM,(5FF)
5du8,2.23,2016,1.9uM,(5FK)
5dus,1.43,2016,2.95uM,(APR)
5duw,1.7,2016,510uM,(5GO)
5dw2,1.12,2016,1.44uM,(5GD)
5dx4,2.3,2016,0.137uM,(E0C)
5dyo,2.36,2016,61pM,(FLU)
5e1s,2.26,2015,12nM,(5JA)
5e2m,1.41,2016,59nM,(V14)
5e2n,1.53,2016,0.29nM,(V14)
5e3d,1.71,2016,95uM,(5JL)
5e5g,1.95,2016,700uM,(DTR)
5e7n,1.21,2016,0.81uM,(5KR)
5e8a,1.5,2016,0.034uM,(5KS)
5ea4,2.3,2015,7.8nM,(5NM)
5eb3,2.4,2016,35.2mM,(UEG)
5ech,2.14,2016,0.16mM,(JAA)
5eci,1.56,2016,0.16mM,(JAA)
5ect,1.3,2016,5.2uM,(DUP)
5edd,1.97,2016,5.7uM,(DUP)
5edl,1.95,2016,4.5nM,(VIB)
5efa,1.9,2015,14.7uM,(MGT)
5efc,1.9,2015,14.1uM,(GTP)
5egs,2.15,2016,0.97uM,(5NR)
5egu,2.21,2016,1.4uM,(5NQ)
5eh5,1.21,2016,1.35uM,(XCZ)
5eh7,1.43,2016,330uM,(5O5)
5eh8,1.38,2016,791uM,(5O6)
5ehe,1.5,2016,4.8nM,(WWO)
5ehr,1.7,2016,73nM,(5OD)
5ehv,1.21,2016,826uM,(5ON)
5ehw,1.39,2016,1005uM,(5OO)
5ei3,1.71,2016,56.5uM,(5O8)
5eis,1.6,2016,1.8uM,(5OU)
5eje,1.9,2016,2.5uM,(AP5)
5ejl,2.3,2016,0.24uM,(C2E)
5ek9,2.08,2016,47nM,(5P4)
5ekh,1.34,2016,1.11uM,(5RD)
5ekj,1.13,2016,1uM,(TG4)
5ekm,1.33,2016,0.48uM,(TG5)
5el2,1.75,2016,0.034mM,(KBR)
5elv,1.92,2016,0.16uM,(5PX)
5en3,1.25,2016,620nM,(7LU)
5eou,2.4,2016,4.37uM,(ATP)
5epn,2.3,2016,2.2nM,(5R2)
5epr,1.65,2016,91uM,(5QY)
5eps,1.47,2016,38uM,(5QX)
5epy,2.3,2016,39.9nM,(5R2)
5eq1,1.55,2016,21uM,(BEA)
5eqe,2.4,2016,132uM,(5R8)
5eqp,2.35,2016,4uM,(5R9)
5eqq,1.65,2016,6.7nM,(5RS)
5er4,1.81,2016,1752uM,(5RL)
5er5,1.26,2016,215.4uM,(ET)
5erg,2.2,2016,44.33uM,(SAM)
5etb,1.33,2016,29uM,(5RO)
5etk,1.09,2016,1.5uM,(5RU)
5etl,1.82,2016,23uM,(5RV)
5etm,1.46,2016,3.9uM,(5RW)
5etn,1.4,2016,4.3uM,(5RX)
5eto,1.07,2016,2.7uM,(5RY)
5etp,1.05,2016,0.7uM,(5RZ)
5etq,1.96,2016,0.33uM,(YH2)
5etr,1.32,2016,0.30uM,(5RW)
5ets,1.95,2016,1.24uM,(5RX)
5ett,1.55,2016,0.59uM,(5RY)
5etv,1.72,2016,0.57uM,(5RZ)
5etx,2.35,2016,154.3nM,(5RS)
5eu1,1.6,2016,15.4nM,(5SW)
5evz,1.85,2016,270nM,(ADP)
5ewh,1.63,2016,170uM,(5SG)
5ewk,1.6,2016,14uM,(P34)
5ewy,1.4,2016,50uM,(5TQ)
5exw,1.9,2016,150nM,(7DT)
5ey0,1.6,2016,2.26mM,(GTP)
5ey4,1.86,2016,750uM,(DTP)
5eyr,1.57,2016,5uM,(5T0)
5ezg,1.84,2016,12uM,(5T4)
5f08,1.92,2016,3uM,(5TG)
5f0f,1.76,2016,1uM,(5TD)
5f1h,1.82,2016,14.1nM,(5U6)
5f1j,1.63,2016,12uM,(5TO)
5f1r,2.25,2016,1uM,(42O)
5f1x,1.9,2016,780nM,(ATP)
5f25,1.68,2016,9.1uM,(5TU)
5f2k,1.6,2015,697nM,(SAH)
5f2p,1.8,2016,37.5uM,(5TY)
5f2r,2.15,2016,52uM,(ACP)
5f3t,2.05,2016,210uM,(5UH)
5f3z,2,2016,29uM,(5V5)
5f41,2,2016,67uM,(5V6)
5f5z,1.76,2017,86nM,(5VY)
5f60,1.35,2017,43nM,(5VZ)
5f61,1.45,2017,35nM,(5W0)
5f62,1.35,2017,6.8nM,(5W1)
5f63,1.45,2017,12nM,(5W2)
5f74,2.35,2016,7.6uM,(AMP)
5f8y,1.7,2016,57uM,(X6X)
5f9b,2.25,2016,54.82uM,(5VN)
5fa7,1.67,2016,0.004uM,(5VR)
5faq,1.96,2016,5.3uM,(5VW)
5fas,1.74,2016,0.034uM,(5VR)
5fb7,1.5,2016,13nM,(ACD)
5fbi,1.47,2016,1600uM,(5WD)
5fck,1.86,2016,0.006uM,(5WC)
5fdz,2.4,2016,6.8uM,(5X0)
5fe6,1.77,2016,6910uM,(5WZ)
5fe7,2.08,2016,488uM,(5WU)
5fe9,2.35,2016,20.98uM,(5WS)
5fh6,2.3,2016,1.2uM,(5XM)
5fh7,1.47,2016,137nM,(5XL)
5fh8,1.55,2016,170nM,(5XK)
5flo,1.66,2016,709uM,(J4K)
5flp,1.71,2016,631uM,(6J5)
5flq,1.7,2016,1080uM,(IO2)
5fls,1.67,2016,905uM,(6ZX)
5flt,1.67,2016,1280uM,(VJJ)
5fnc,2.2,2016,77uM,(IEE)
5fnd,2,2016,320uM,(IQ5)
5fnf,2.1,2016,700uM,(TQL)
5fng,2.05,2016,1105uM,(YIE)
5fni,1.6,2016,330uM,(YIH)
5fnj,1.67,2016,5150uM,(YI6)
5fnr,1.89,2016,59uM,(XMS)
5fns,1.79,2016,4uM,(XYY)
5fnt,1.79,2016,0.67uM,(0PL)
5fnu,1.78,2016,0.0013uM,(L6I)
5fog,2.3,2016,213uM,(VRT)
5fol,1.77,2016,215uM,(SO8)
5fom,2.1,2016,9.8uM,(A2H)
5fpp,2.4,2016,100uM,(HI6)
5fs5,1.42,2016,206.4nM,(KGM)
5fsl,1.25,2016,24uM,(UAN)
5fsn,1.69,2016,1.7uM,(6Q3)
5fso,1.67,2017,0.81uM,(S76)
5fsx,2,2016,1.9mM,(ADP)
5fsy,1.7,2016,1.3uM,(AR6)
5ftg,1.45,2016,0.7uM,(NBR)
5fut,1.6,2016,352nM,(PQ7)
5fwr,2.13,2016,17.7nM,(3X8)
5fyx,1.8,2017,69.6uM,(FD6)
5g17,1.51,2017,0.2uM,(6DK)
5g1a,1.42,2017,0.27uM,(7H1)
5g1n,2.1,2016,0.017uM,(PAL)
5g2g,1.6,2016,0.9uM,(EQU)
5g45,2.07,2016,500uM,(A7W)
5g46,1.76,2016,2.5mM,(6VD)
5g4m,1.38,2016,138uM,(O82)
5g4n,1.35,2016,101uM,(O83)
5g4o,1.48,2016,37uM,(O80)
5g5f,2.3,2017,5.2uM,(GSH)
5g5z,2.01,2017,2.2uM,(DQR)
5g60,1.99,2017,0.3uM,(NYT)
5g61,2.4,2017,0.4uM,(FNY)
5ggj,1.42,2016,17.78mM,(PNA)
5ggk,1.3,2016,0.29mM,(MBE)
5ggl,1.27,2016,16.52mM,(6ZC)
5ggn,1.21,2016,0.22mM,(LEC)
5gic,2.35,2016,330.9nM,(DLC)
5gid,2.15,2016,769.2nM,(VDP)
5gj9,2.1,2017,10.2uM,(VGL)
5gja,2.1,2017,2.8uM,(6PC)
5gmh,2.2,2016,0.49uM,(RX8)
5goe,1.8,2017,45.7uM,(GDP)
5gof,1.6,2017,90.1uM,(GTP)
5gsa,2.49,2017,82nM,(73K)
5gvm,2.24,2017,186nM,(G57)
5gvn,2.3,2017,90nM,(G6F)
5gvp,2.26,2017,165nM,(GCF)
5h1t,1.95,2017,0.16mM,(7FF)
5h1u,1.9,2017,0.31mM,(6KT)
5h1v,2,2017,0.1mM,(7FU)
5h5f,1.7,2017,37.2uM,(SAM)
5h5o,2.12,2017,274nM,(PCG)
5h8e,2.15,2016,6.33pM,(5Y3)
5h8g,2,2016,48.2pM,(5Y4)
5h9p,2.04,2016,0.068uM,(TD2)
5h9q,1.93,2016,38.0uM,(TD2)
5h9r,1.58,2016,0.84uM,(TGZ)
5h9s,1.82,2016,87uM,(TGZ)
5ha1,1.35,2016,64.1nM,(RNE)
5hbn,1.6,2016,12.9uM,(RPI)
5hbs,0.89,2016,18.5nM,(RTL)
5hgc,2.43,2016,2.2nM,(HCY)
5hip,1.99,2016,0.9uM,(61O)
5his,1.77,2016,19.6uM,(60P)
5hja,1.65,2016,1.1uM,(XA2)
5hjq,2.3,2016,19uM,(I3P)
5hki,2.4,2017,1.6mM,(6ZJ)
5hrv,1.7,2016,5.1uM,(64C)
5hrw,1.8,2016,3.3uM,(64E)
5hrx,1.73,2016,5.1uM,(64F)
5htb,1.7,2016,170nM,(6L5)
5htc,1.5,2016,150nM,(66M)
5htl,1.37,2016,0.5uM,(C2E)
5hu9,1.53,2016,24.2nM,(66K)
5hv0,1.63,2016,1.1uM,(AKG)
5hva,2.1,2016,0.086uM,(DUP)
5hvs,1.75,2016,0.071uM,(65V)
5hvt,1.75,2016,0.055uM,(NVS)
5hwu,2.1,2016,5.35uM,(DUP)
5hwv,1.65,2016,8.5uM,(MBN)
5i1q,1.5,2016,12nM,(67C)
5i29,1.21,2016,15nM,(67B)
5i2e,1.6,2016,0.23uM,(67D)
5i2f,1.25,2016,0.32uM,(BS5)
5i3a,2.2,2016,9uM,(HQE)
5i3v,1.62,2016,16nM,(68M)
5i3w,2.15,2016,0.6nM,(68L)
5i3x,1.85,2016,8nM,(68J)
5i3y,2.15,2016,0.4nM,(68K)
5i7x,1.18,2016,53nM,(67B)
5i7y,1.45,2016,52nM,(69G)
5i80,1.45,2016,62nM,(67B)
5i88,1.4,2016,250nM,(69G)
5i8g,1.41,2016,0.03uM,(69E)
5i8p,2.37,2016,185nM,(VQ7)
5i9x,1.43,2016,30nM,(DB8)
5i9y,1.23,2016,2.8nM,(1N1)
5ia0,1.95,2016,187nM,(A5B)
5ia1,2.04,2016,530nM,(ZZL)
5ia2,1.62,2016,19nM,(L66)
5ia3,1.79,2016,46nM,(P17)
5ia4,1.8,2016,52nM,(88Z)
5ia5,1.78,2016,25nM,(GV0)
5ie1,2.3,2016,140nM,(6BS)
5igk,1.7,2016,41.8nM,(BMF)
5igl,2.1,2016,42.7nM,(BMF)
5igm,1.6,2016,41.7nM,(BMF)
5ih9,1.79,2016,0.002uM,(6BF)
5ihh,1.35,2016,390nM,(6B5)
5ii1,2.02,2016,3.3uM,(6BL)
5ii2,2.1,2016,12.9uM,(LU2)
5ijj,1.95,2016,0.28uM,(I6P)
5ikb,2.05,2016,1.9nM,(KAI)
5il1,1.71,2016,1.5uM,(SAM)
5ioy,1.77,2017,6uM,(6C5)
5ioz,2.02,2017,11uM,(6C4)
5ipa,1.78,2017,20uM,(6C8)
5ipc,1.3,2017,13uM,(6CE)
5ipj,2.1,2016,1.3nM,(6CD)
5irr,2.04,2017,5.4uM,(GSP)
5isl,1.69,2016,0.052uM,(MMK)
5ito,2.35,2016,68.9uM,(6DB)
5itp,1.85,2016,9.9uM,(6DB)
5ivj,1.57,2016,0.046uM,(6ED)
5ivv,1.85,2016,0.45uM,(6EN)
5ivy,1.45,2016,0.36uM,(6EO)
5iw0,1.63,2016,0.06uM,(6EP)
5j0d,1.05,2016,134nM,(6F9)
5j1r,1.92,2017,22uM,(6FG)
5j32,1.93,2016,8.3uM,(IPM)
5j3l,1.66,2017,16uM,(6FR)
5j6a,2.05,2017,17nM,(P46)
5j71,1.65,2017,110nM,(P35)
5ja0,1.9,2017,6uM,(FPP)
5jal,2.06,2016,3400uM,(6HO)
5jcb,2.3,2017,62.04uM,(NV4)
5jhb,2.48,2017,873nM,(6K5)
5ji8,1.42,2016,23.4uM,(6KT)
5jox,1.8,2016,35uM,(EDG)
5jq5,1.94,2017,2341nM,(I74)
5js3,1.16,2016,0.185uM,(6MG)
5jsj,2.35,2017,4uM,(6PD)
5jss,1.19,2016,0.354uM,(6NG)
5jt9,1.26,2016,0.233uM,(7AF)
5jvi,1.12,2016,0.31uM,(6QC)
5jxn,1.38,2016,0.388uM,(6NN)
5k03,1.81,2016,18uM,(6P4)
5k4z,1.64,2016,0.7uM,(6Q8)
5k7h,2.35,2016,0.99uM,(IVC)
5k8s,1.15,2016,6nM,(CMP)
5k9w,2.01,2017,26uM,(OTA)
5ka1,1.84,2017,33uM,(OTA)
5ka3,2.14,2017,26uM,(OTA)
5ka7,2.06,2017,45uM,(OTA)
5ka9,2.07,2017,39uM,(OTA)
5kab,1.97,2017,21uM,(OTA)
5kad,1.9,2017,37uM,(OTA)
5kat,2.1,2016,78.7uM,(P4P)
5kau,1.95,2016,0.30uM,(RHQ)
5kax,2,2016,0.78uM,(RHQ)
5kbf,2,2016,1.2nM,(CMP)
5kcb,2.1,2016,0.99uM,(ET)
5kej,2.35,2017,7.8uM,(GTX)
5kew,2.1,2016,315.4nM,(6SB)
5khd,1.75,2016,2.5uM,(C2E)
5khg,2.24,2016,20.23uM,(CC7)
5khh,1.77,2016,49.32uM,(6SW)
5khi,2.1,2016,0.17uM,(6SX)
5khj,2.01,2016,183.8uM,(6SY)
5khk,2.07,2016,0.41uM,(6SZ)
5klp,2,2016,22.7uM,(IHP)
5kly,1.3,2017,0.061uM,(6UR)
5klz,1.5,2017,0.423uM,(AMP)
5km0,1.53,2017,4.9uM,(IMP)
5km1,1.65,2017,0.663uM,(5GP)
5km2,1.25,2017,39.1uM,(C5P)
5km3,1.2,2017,24.9uM,(U5P)
5km5,2.1,2017,0.121uM,(TR5)
5km9,1.45,2017,55.9uM,(ADN)
5ko1,2.16,2016,230nM,(6UY)
5kva,1.83,2016,7.32uM,(SAM)
5kxc,1.8,2016,5.45uM,(6Y2)
5l2s,2.27,2016,83nM,(6ZV)
5l2t,2.37,2016,650nM,(6ZZ)
5l3a,1.98,2016,13uM,(6DP)
5l4f,1.48,2016,1.3uM,(6J1)
5l4i,1.45,2016,0.26uM,(6J3)
5l4j,1.62,2016,52uM,(6JD)
5l4m,1.58,2016,4.6uM,(SBK)
5l8n,2.12,2016,31uM,(6RQ)
5l8o,2.39,2016,415uM,(CHD)
5l9g,1.75,2016,19.8nM,(MO0)
5l9i,1.9,2016,99nM,(SNW)
5l9l,1.8,2016,79.4nM,(GOP)
5l9o,1.84,2016,4uM,(GOP)
5ld8,2.13,2016,9nM,(6U5)
5ldk,2.1,2017,67uM,(ATP)
5ldm,2.46,2017,139uM,(2AM)
5ldp,1.8,2017,67uM,(ATP)
5lif,1.31,2016,1.34uM,(6XO)
5ll4,1.12,2017,4nM,(6YH)
5ll5,1.42,2017,909nM,(6YH)
5ll9,1.45,2017,833nM,(6YQ)
5lla,1.5,2017,18.9nM,(6YQ)
5lli,2.4,2016,90nM,(6Z3)
5lom,1.5,2016,74.1nM,(SNW)
5lpj,1.65,2017,10.1uM,(XDM)
5lpk,2.1,2017,3.06uM,(XDM)
5lpl,1.65,2017,12uM,(71X)
5lpm,1.5,2017,2.77uM,(71Y)
5lsg,2,2017,4uM,(QZQ)
5lsh,1.06,2017,0.41mM,(KTS)
5lud,1.25,2017,248uM,(76X)
5luu,1.61,2016,8.63uM,(77X)
5lvd,1.25,2017,2.4mM,(79F)
5lvn,1.38,2016,20uM,(ADN)
5lvq,2.05,2016,73uM,(2LX)
5lvr,2.05,2016,250uM,(78Y)
5lwd,1.23,2016,0.57uM,(79E)
5lwm,1.55,2016,1.34nM,(79T)
5lws,1.03,2017,115uM,(7B2)
5lz4,2.07,2016,2uM,(7BW)
5lz5,2.05,2016,0.45uM,(7K4)
5lz7,2.1,2016,0.53uM,(7BK)
5m04,1.85,2017,0.46uM,(GDP)
5m28,1.08,2017,48uM,(MLR)
5m29,1.5,2017,40nM,(CBY)
5m2q,1.7,2017,30nM,(CBY)
5m34,1.6,2017,0.15uM,(CBY)
5m3b,1.5,2017,0.12uM,(CBY)
5m9w,1.21,2017,5.7mM,(7GR)
5ma7,1.3,2017,336uM,(7K0)
5meh,0.95,2016,481nM,(DMJ)
5mek,1.74,2017,4.2uM,(A3P)
5mes,2.24,2017,0.34uM,(7LT)
5mf6,1.87,2016,44uM,(7M2)
5mg2,1.75,2017,17nM,(7M8)
5mge,1.95,2017,87uM,(7MX)
5mgf,1.9,2017,54uM,(7MW)
5mgj,2.1,2017,51uM,(7MX)
5mgk,2.3,2017,100uM,(7MW)
5mi5,2.15,2017,170nM,(OAN)
5mi6,2,2017,50nM,(NHT)
5mi7,2.1,2017,77nM,(OAN)
5mk9,0.92,2017,38uM,(BCD)
5mka,1.15,2017,49uM,(RCD)
5ml2,1.6,2017,13nM,(NH6)
5ml3,1.4,2017,203pM,(DL3)
5ml6,1.87,2017,358pM,(9GD)
5mn1,0.79,2017,3.3mM,(2AP)
5mnb,0.94,2017,3.3mM,(2AP)
5mnc,0.92,2017,48.5mM,(ANL)
5mnr,1.25,2017,3.44uM,(JC2)
5mnx,1.42,2017,3.3mM,(2AP)
5mny,1.43,2017,48.5mM,(WOT)
5mo8,1.82,2017,1.64uM,(C98)
5mob,1.67,2017,90uM,(A8S)
5mod,2.08,2017,300uM,(86L)
5moe,1.89,2017,520uM,(OQC)
5mon,0.94,2017,3.3mM,(2AP)
5moo,1.44,2017,48.5mM,(WOT)
5mpz,1.4,2017,85uM,(4I8)
5mqe,1.65,2017,4uM,(PKU)
5mrb,2.2,2017,471nM,(C5N)
5mrm,1.8,2017,9.3uM,(Q9T)
5mro,1.8,2017,2.0uM,(Q9P)
5mrp,1.9,2017,3.0uM,(6BC)
5mtx,1.8,2017,17.7nM,(FJI)
5mty,2.31,2017,1.3nM,(HB9)
5mwj,2.04,2017,24.7nM,(EBU)
5mxf,1.9,2017,0.26mM,(MFU)
5my8,1.7,2017,72nM,(RXZ)
5myg,2.3,2017,31nM,(LS8)
5mz8,2.2,2017,4.9mM,(SIN)
5n0f,1.69,2017,0.90uM,(7K2)
5n16,1.76,2017,5uM,(8FN)
5n17,1.6,2017,4.8uM,(8FK)
5n18,1.45,2017,2.1uM,(8HZ)
5n1x,1.72,2017,689uM,(8HH)
5n1z,1.81,2017,0.0065uM,(8GQ)
5n21,1.58,2017,1.1uM,(8HN)
5n2t,1.38,2017,8.40uM,(8KK)
5n2x,1.21,2017,0.87uM,(8KN)
5n2z,1.37,2017,4.9uM,(8JH)
5n31,1.37,2017,1.61uM,(8LB)
5n34,1.22,2017,23.27uM,(8JQ)
5n3v,1.12,2017,45.24uM,(8L5)
5n3y,1.34,2017,9.32uM,(8L2)
5n53,1.48,2017,2.8mM,(8NB)
5n55,1.99,2017,1.03uM,(8NN)
5n58,1.96,2017,0.8uM,(93W)
5n69,2.45,2017,0.29uM,(2OW)
5n84,2.3,2017,11nM,(8Q5)
5n87,2.29,2017,0.56nM,(N66)
5n93,2.1,2017,2.2nM,(8QE)
5n9r,2.23,2017,2.6uM,(8RN)
5n9s,2.3,2017,2.4nM,(8QW)
5nai,1.15,2017,0.8uM,(93W)
5nbw,2.4,2017,2.6nM,(8SK)
5ne5,1.05,2017,39nM,(KIF)
5nf9,1.87,2017,4.7uM,(8VW)
5nfa,1.59,2017,5.6uM,(8VQ)
5nfb,1.59,2017,0.77uM,(8VT)
5nge,2.35,2017,65nM,(8WK)
5ngf,2.33,2017,7.8uM,(8WN)
5ngz,2.4,2017,1.3mM,(2BG)
5njz,1.77,2017,16nM,(8ZH)
5nk2,1.65,2017,182nM,(8ZZ)
5nk3,1.59,2017,38nM,(92Q)
5nk4,1.45,2017,2.0nM,(90E)
5nk6,1.27,2017,158nM,(90W)
5nk7,1.89,2017,468nM,(8ZZ)
5nk8,1.76,2017,229nM,(90Z)
5nka,1.38,2017,3.5uM,(91H)
5nkb,1.5,2017,0.76nM,(8ZT)
5nkc,1.45,2017,19nM,(90T)
5nkd,1.41,2017,26nM,(91K)
5nkg,1.1,2017,21nM,(8ZK)
5nkh,1.29,2017,26nM,(8ZQ)
5nki,1.68,2017,19nM,(8ZW)
5nn4,1.83,2017,11.57mM,(SC2)
5nn6,2,2017,3.0uM,(MIG)
5nu3,1.75,2017,0.23uM,(99E)
5nu5,1.6,2017,0.47uM,(99E)
5nvv,2.1,2017,200nM,(9BT)
5nvw,2.2,2017,170nM,(9BW)
5nvx,2.2,2017,90nM,(4YY)
5nw0,2.3,2017,300nM,(9BK)
5nw1,2.1,2017,250nM,(9BH)
5nw2,2.2,2017,320nM,(9B8)
5nzo,1.29,2017,5.8mM,(9EZ)
5nzp,1.3,2017,6.5mM,(9EW)
5nzq,1.5,2017,9.3mM,(5AO)
5o0a,1.81,2017,0.58mM,(9FH)
5o0b,1.74,2017,66uM,(9FE)
5o2d,1.6,2017,2.1uM,(9HH)
5o4z,1.7,2017,860nM,(A)
5oei,1.78,2017,1.60uM,(OOG)
5ofi,2,2017,62.7uM,(9TQ)
5ofv,1.5,2017,26.2mM,(9TZ)
5ofw,1.5,2017,1.6mM,(9TW)
5oku,2.07,2017,0.55uM,(0L1)
5org,1.99,2017,0.004uM,(6DB)
5orl,1.69,2017,15uM,(A4W)
5orr,2.09,2017,170uM,(A5Q)
5orv,1.88,2017,1297uM,(A65)
5orw,2,2017,796uM,(A6E)
5ory,1.99,2017,357uM,(AY4)
5orz,1.92,2017,432uM,(A6W)
5os0,1.74,2017,2792uM,(A6Z)
5os1,1.9,2017,494uM,(A7H)
5os2,1.92,2017,1821uM,(A7K)
5os3,1.81,2017,3753uM,(A7N)
5os4,1.88,2017,1665uM,(A8H)
5os5,1.74,2017,410uM,(A8K)
5osd,1.99,2017,619uM,(A9B)
5ose,1.9,2017,681uM,(A98)
5ot8,2.35,2017,63.8uM,(6DB)
5ot9,2.45,2017,84.4uM,(AOZ)
5ota,2.1,2017,1.8uM,(AQQ)
5otc,2.2,2017,19.3uM,(AQK)
5ovr,2.15,2017,27.2uM,(AXK)
5ovx,2.1,2017,31.4uM,(AY5)
5ow1,2.05,2017,70.4uM,(AY8)
5syn,1.64,2016,240nM,(71T)
5t18,1.5,2017,0.5nM,(73T)
5t3n,2.4,2016,9.1nM,(75G)
5t7s,1.9,2017,79uM,(LBT)
5t9u,2.3,2017,25nM,(7HG)
5t9w,2,2017,2600nM,(78E)
5t9z,1.4,2017,64nM,(78R)
5ta2,1.48,2017,11nM,(78X)
5tb6,1.79,2016,1.53uM,(77X)
5tbe,2.44,2017,1.06nM,(78L)
5tbm,1.85,2016,0.049uM,(79A)
5tci,2.45,2017,132nM,(79V)
5tcj,2.4,2017,42nM,(79V)
5tco,2.1,2017,6.46nM,(79Q)
5tcy,1.9,2017,22nM,(5LC)
5tef,1.95,2016,4.0uM,(GTG)
5tha,1.8,2016,140uM,(GP3)
5tpx,2.1,2017,280nM,(7H7)
5tuz,1.95,2017,40nM,(7L6)
5tv1,2.4,2017,57nM,(IHP)
5tw2,1.75,2017,49.7nM,(7LP)
5tw5,1.85,2017,38.1nM,(7LM)
5twj,2.3,2017,5.58uM,(SAM)
5txy,1.21,2017,3.5uM,(7Q1)
5ty1,1.6,2017,6.1uM,(7QV)
5ty8,1.45,2017,3.5uM,(7Q1)
5ty9,1.53,2017,6.1uM,(7QV)
5tya,1.5,2017,32.9uM,(7QS)
5tzd,1.75,2017,1.8uM,(C2E)
5tzf,2.4,2017,1.6uM,(C2E)
5tzo,1.67,2017,5.9uM,(7V7)
5u0d,1.59,2017,28.6uM,(7R7)
5u0e,1.27,2017,7.7uM,(7R4)
5u0f,1.21,2017,3.4uM,(7R1)
5u0g,1.54,2017,26.2uM,(7QY)
5u0w,1.97,2017,58uM,(9MG)
5u0y,1.88,2017,0.83uM,(7PJ)
5u0z,2.29,2017,0.65uM,(7PM)
5u11,1.99,2017,4.5uM,(7PS)
5u12,1.84,2017,8.5uM,(5RU)
5u13,1.95,2017,3.9uM,(YH5)
5u14,1.95,2017,4.6uM,(7PV)
5u28,1.8,2017,67nM,(82V)
5u48,1.5,2017,0.47uM,(S4B)
5u49,2.22,2017,0.73uM,(S2L)
5u4a,1.9,2017,0.44uM,(7VG)
5u4b,1.45,2017,1.8uM,(XOS)
5u4c,1.7,2017,0.99uM,(XBS)
5u4d,1.55,2017,0.47uM,(XLO)
5u4e,1.45,2017,0.45uM,(XLB)
5u4f,1.5,2017,0.47uM,(IWW)
5u4g,1.8,2017,0.79uM,(7UV)
5u9i,2.3,2017,49nM,(FAR)
5uff,2.14,2017,57.1uM,(8B7)
5ufp,1.9,2017,42.5nM,(86D)
5ufr,2.07,2017,0.002uM,(88J)
5ugh,2.06,2017,170nM,(8AJ)
5ulp,1.55,2017,24.3uM,(KB1)
5usy,2,2017,31nM,(SKE)
5usz,2.1,2017,106nM,(SKE)
5ut0,2.1,2017,1323nM,(35R)
5ut4,2,2017,42uM,(DQX)
5ut6,1.65,2017,57.3uM,(8MY)
5uxf,1.5,2017,87nM,(2BA)
5v13,1.84,2017,23.3nM,(JH3)
5v2l,2.1,2017,288uM,(ATP)
5v5y,1.9,2017,13.4nM,(8X7)
5v79,2.25,2017,0.39uM,(8Y4)
5v7a,2.35,2017,0.42uM,(8Y7)
5vad,2.36,2017,0.76nM,(91Y)
5vb5,2.23,2017,0.35uM,(92A)
5vc3,1.97,2017,77.5nM,(DB8)
5vc4,2.1,2017,43.7nM,(XZN)
5vc5,1.93,2017,11.0nM,(96M)
5vc6,2,2017,13.6nM,(P48)
5vcv,1.92,2017,150nM,(1N1)
5vcw,2.25,2017,1105nM,(93J)
5vcy,1.56,2017,270nM,(DB8)
5vcz,1.5,2017,444nM,(XZN)
5vd0,2.13,2017,324nM,(8X7)
5vd1,1.7,2017,990nM,(P48)
5vd2,2.05,2017,78.7nM,(34W)
5vd3,1.8,2017,2817nM,(H8H)
5vdp,2.3,2017,89uM,(1SY)
5vfj,2.08,2017,20uM,(DHC)
5vfm,2.06,2017,150uM,(HC4)
5vfn,2.39,2017,300uM,(HCI)
5vgy,1.39,2017,65.5uM,(9AA)
5vs6,2.27,2017,104nM,(9QD)
5vsb,1.85,2017,7.614uM,(9QA)
5vsc,1.4,2017,510nM,(9HJ)
5vsd,1.85,2017,57nM,(9HJ)
5vse,1.6,2017,1070nM,(9HG)
5vsf,1.7,2017,94nM,(9HG)
5w10,2.15,2017,0.24uM,(CMP)
5w1e,2.06,2017,5.8uM,(PHB)
5w99,1.59,2017,21uM,(A1V)
5wa8,1.3,2017,0.587uM,(9ZA)
5wa9,1.15,2017,0.175uM,(9ZD)
5wbf,2.19,2017,155uM,(LAC)
5wbm,2.16,2017,20uM,(A4G)
5wbo,2.25,2017,62uM,(A1Y)
5wl0,2.4,2017,0.67nM,(21G)
5wp5,1.5,2017,4.6uM,(SAH)
5wqj,1.2,2017,3uM,(7N3)
5wqk,1.7,2017,0.5uM,(7NC)
5wuk,2.03,2017,14nM,(73K)
5wyx,2.4,2017,0.22uM,(CU8)
5wyz,2.3,2017,21nM,(7VF)
5x13,1.7,2017,6.2uM,(HC4)
5x4m,1.65,2017,1200uM,(7ZF)
5x4n,1.94,2017,68uM,(7ZL)
5x4o,2.05,2017,88uM,(YAM)
5x4p,2.06,2017,9.3uM,(7ZO)
5x4q,2,2017,0.078uM,(7Z6)
5x62,2.2,2017,379nM,(SAH)
5x74,2.25,2017,2.3nM,(JAY)
5x9o,1.58,2017,5uM,(80R)
5xg5,1.54,2017,0.33mM,(A2G)
5yjm,1.9,2017,21nM,(8W3)
6ayh,2.05,2017,2.7uM,(C3G)
6ayi,2.09,2017,0.21uM,(C3G)
6b7a,1.99,2017,32uM,(CWM)
6b7b,1.98,2017,1280uM,(CWJ)
6b7c,1.56,2017,7.2uM,(CWP)
6b7d,1.8,2017,52uM,(CWG)
6b7e,2.1,2017,28uM,(CWA)
6eqp,2.35,2017,1.1uM,(BUW)
6euw,1,2017,0.017uM,(BYB)
6eux,2.05,2017,1.2uM,(BYB)
6ezq,2.39,2017,22uM,(C7K)
